text,rating,company,text_length,confidence_score
كانت الخدمة سيئة و أنا أنتظر لمدة ساعتين ولم يصلني الطلب,negative,talbat,56,0.957366406917572
تطبيق غبي و جاري حذفه ، عاملين اكواد خصم و لما نستخدمها اكتر من مرة يعملو بلوك للهاتف بالكامل و لما تتواصل مع خدمة العملا يقولولك المشكلة ملهاش حل ، هما الخسرانين وانصح الجميع انه ينزل تطبيقات المطاعم المشهورة زي كنتاكي او ماكدونالدز و يطلب منها افضل ، و بيكون في خصومات اقوي عليها و كل الوجبات متاحة,negative,talbat,300,0.984715461730957
مره,negative,talbat,3,0.45529672503471375
وصل الطلب 20 دقيقه بس,positive,talbat,21,0.47922283411026
مش عاوز يشتغل وبيقول لا يوجد شبكة نت,negative,talbat,36,0.9371289014816284
نجاح,positive,swvl,4,0.9116240739822388
احسن توصيل الطلبات,positive,talbat,18,0.9700601696968079
برنامج سهل التعامل,positive,talbat,18,0.9602734446525574
يلا,negative,talbat,3,0.6450384855270386
الخدمه الجيده جدا جدا جدا,positive,talbat,25,0.5024082660675049
تابعو التقدم لتصحو الافضل وتصلو ليى القمه,positive,talbat,41,0.7745272517204285
تطبيق رائع... ملاحظة.. في موقعي لايتوفر جميع المطاعم وهنالك مطاعم تكون متاحة وبعد ذلك غير متاحة... ارجو مراجعة التطبيق واتاحة جميع مطاعم في القائمه لكل مناطق محافظة اربد في الاردن,positive,talbat,179,0.8185276985168457
هو الصديق الحقيقي,positive,talbat,17,0.8073326945304871
لم اعلم ما فائده تحديث,positive,talbat,22,0.4763258099555969
العر.......؟ اللى بيمسح تقييمى انت فااااااشل زى شركتك,negative,telecom_egypt,53,0.9801434874534607
قميلل,positive,talbat,5,0.7730594277381897
بعض السائقين مش طايقين نفسهم,neutral,swvl,28,0.5873419642448425
حاجة حميلة,positive,talbat,10,0.9374762773513794
رووووووووعه,positive,talbat,11,0.9660158157348633
"تطبيق جميل جدااا انصحكم بتحميله استفدت كثير منه يعرض مطاعم عديده لبناني 
هندي امريكي دولي ووجبات سريعه وحلويات",positive,talbat,110,0.9715216755867004
هاذا البرنامج حدده عجيب واشكر الي اخترعه واااي يوصل بسرع وقت,positive,talbat,60,0.9630053043365479
خرااااااا,negative,talbat,9,0.965576708316803
تطبيق ممتاز سهل الاستخدام,positive,talbat,25,0.9675425887107849
برنامج فاشل معملتش ولا رحلة ويقولي لديك مديونية ٨٤ جنيه,negative,swvl,55,0.9862462282180786
..,positive,talbat,2,0.4916827976703644
"كابتن محمد حسن رحلة 7,36صباحا من خير الله لسيدي جابر أفضل سواق في سويفل حقيقي سواق جدع وملتزم ورحيم وبيقدر الصغير والكبير ومحترم وابن ناس لسانه حلو وخلوق لاقصي درجة فعلا تحياتي لسائقي سويفل المحترمين وعلي رأسهم كابتن محمد حسن",positive,swvl,225,0.9684577584266663
راؤع,positive,talbat,4,0.9625516533851624
نجمة واحده عشان الكومنت نفس ابلكشين اطلب نفس المطاعم لاجديد نزلتة عشان البقالة لقيت نفس مطاعم اطلب برنامج. كذب,negative,talbat,110,0.9831814169883728
الاكل بوصل بارد بس فعلتو خدمه طلبات ديلڤري,negative,talbat,42,0.4653649926185608
حاولة تنزيل برنامج ولكن للاسف لا يفتح معي,negative,talbat,41,0.8258016705513
تطبيق جميل وسهل,positive,talbat,15,0.9708338975906372
اعطي نجما وحدا لانا كل خمس ثواني تطلعيلي دعايتا👿,negative,talbat,48,0.9406209588050842
الله الله ياجمالك  البيتزا,positive,talbat,26,0.8630109429359436
انصح به 👍,positive,talbat,9,0.9474823474884033
اعطوا صحاب السيارات حقهم,negative,talbat,24,0.9762660264968872
تطبيق جيد ولكن ينقص زيادة عدد المطاعم وكذلك هناك إستغلال للمطاعم برفع الأسعار من خلال التطبيقات ارجوا ان تكونوا مميزين باختيار المطاعم والأسعار الجيدة.,positive,talbat,151,0.7199413776397705
شكرااااااااااا جدااااااااا,positive,talbat,26,0.9397151470184326
برنامج ممتاز وسعر التوصيل رمزي,positive,talbat,30,0.9683535695075989
شي ممتاز,positive,talbat,8,0.9198168516159058
أفضل تطبيق طلبات اون لاين,positive,talbat,25,0.9714270830154419
التطبيق ممتاز لاكن ينقصه نقطتين مهمين وهما 1. اظهار رقم المرسل 2. التقاط صورة من الشاشه,negative,telecom_egypt,87,0.5669507384300232
🖤🖤,positive,talbat,2,0.737261950969696
So good,positive,talbat,7,0.9520164132118225
#أنتر نت _غير محدود_في مصر,negative,telecom_egypt,26,0.9704274535179138
فاشل كثير,negative,talbat,9,0.9800423979759216
لذيذه جدا و اكله طيب,positive,talbat,20,0.9563494920730591
التوصيل حلو الله يسعدكم,positive,talbat,23,0.9339116215705872
سيئ جداااااا. لأنه مش كل المطاعم بقدر اوصللها الموقع ما بوصلو كل المطاعم,negative,talbat,72,0.9858194589614868
🤩🤲🤲,positive,talbat,3,0.737261950969696
مرررر ممتاز وسريعه ❤️💗😍,positive,talbat,23,0.9694225192070007
والله لسه ما جربتهاش بس هاجرب,positive,swvl,29,0.5793696641921997
الكلب بججي ناقص,negative,talbat,15,0.671592116355896
😡😡😡😡😡😡😡😡وحش,negative,talbat,11,0.737261950969696
سيء جدآ,negative,talbat,7,0.981605589389801
برنامج ممتاز بس ينقصه بهذه الازمه التي يمر فيها العالم الصيدلايات العامه,positive,talbat,72,0.6971004009246826
.💕😔,positive,talbat,3,0.7252941131591797
وربي روعه حتى الموضفين محترمين,positive,talbat,30,0.9716420769691467
بصراحة ممتاز ومزيد من التقدم بس رحلات يوم الجمعة لم اجد ميعاد يناسب وقت الامتحان بجامعة مصر للعلوم والتكنولوجيا ب 6 اكتوبر,positive,swvl,122,0.6345528960227966
يطول الطلب واتمنى التفات للوقت,negative,talbat,30,0.46788978576660156
very expensive,neutral,swvl,14,0.9163323044776917
"أكثر من مرة أسافر من الإسكندرية للقاهرة وأختار ""رمسيس - موقف السوبر جيت بور سعيد"" أى ناحية الفجالة ، فأجد الكابتن يطلع كوبرى أكتوبر (و يتخطى رمسيس من أعلى) ولينتهى بى المطاف بأول توقف فى ش النصر بمدينة نصر عند السلم العلوى!!! ؟",positive,swvl,227,0.48541057109832764
سرعه بالتوصيل,positive,talbat,13,0.956107497215271
فاشللل,negative,talbat,6,0.9785084128379822
عجبني عجيب ومريح,positive,talbat,16,0.9527461528778076
الابلكيشن مديني بلوك و مش راضي يتفك و مش عارف اطلب خالص,negative,talbat,55,0.9083670377731323
وحش جداا,negative,telecom_egypt,8,0.9672560095787048
بتمنى رسايل ليك ببرومو كود بقاله مده كبيره جدا مفيش اى عروض جاتلى منكم برجاء الاهتمام,negative,swvl,85,0.8407896757125854
المواعيد مظبوطه والخدمة ممتازه وتجربه اتمنى انها تتعمم على مستوى الجمهورية,positive,swvl,74,0.9549561738967896
اتمني انهم يضيفون مدينة بروة,positive,talbat,28,0.7327114343643188
احلي,positive,talbat,4,0.9467090368270874
التطبيق ناااااار🌟🌟🌟🌟🌟🌟🌟,positive,talbat,23,0.9221800565719604
كل مره السواق يتاخر ساعه وبعد كده يقولى خلاص امشى مفيش احترام المواعيد,negative,swvl,70,0.9634037613868713
الله يرزق الجميع الي الامام تطبيق روعه,positive,talbat,38,0.9692510366439819
واوووووووووو جميل,positive,talbat,17,0.9586440324783325
برنامج سهل و جميل جدا انصح الاستخدام به 👍,positive,talbat,41,0.9714178442955017
برنامج ناجح وممتاز ومريح,positive,talbat,24,0.9713543057441711
دقة في المواعيد,positive,talbat,15,0.9504348039627075
بس يتأخر و يأخذ فوائد على المبلغ يعني مرة اشتريت ب11ريال  أخذوا عني 19 ريال,neutral,talbat,75,0.7978938817977905
تحفة,positive,swvl,4,0.9495258331298828
مفيد جدا  و انصح في للكل و يفك أزمات,positive,talbat,36,0.9503414630889893
توصيل بسرعه برنامج جميل,positive,talbat,23,0.9703227281570435
تجربة سيئة جدا وعدم أحترام العملاء من بعض الكباتن وتفويت الرحلة بقصد وخدمة عملاء سيئة جدا جدا جدا أيضا بسبب بطئ الاستجابه وعدم تقدير الموقف او تقديم رحلة بديلة بالرغم من أني عميل دائم مع سويفل إلا أنه أخر تعامل معهم,negative,swvl,215,0.9857715368270874
حاجه رائع,positive,swvl,9,0.9543958306312561
ليس جيدا ليش لازم يكون طلبي كثيرا اريد طلب شيئ واحد,negative,talbat,51,0.9259687066078186
رااائع 😍,positive,talbat,8,0.9670092463493347
والله كلمة حق تقال.. التطبيق ممتاز والعروض اللي فيه حقيقة وانا بجربها اول باول.. جودة المنتجات عالية وطازجة.. والتوصيل سريع.. يعني اسرع من انك تطلع السوبرماركت وترد بغض النظر عن الراحة ومجانية التوصيل والأسعار المشابهة للسوق.. والتعامل محترم... بالتوفيق لكم ولطاقم العمل..,positive,talbat,272,0.965352475643158
الاول في العالم,positive,swvl,15,0.9332379102706909
أفضل تتبيق توصيل ❤️❤️,positive,talbat,21,0.9723196625709534
يا جماعة في مشكلة في التحديث كان بيفتح معايا بس لما عملت تحديت كل ما افتح التطبيق بيخرج لواحدة بقالة اسبوع علي هذا الحال اعمل اية ارجوا الايفادة,neutral,telecom_egypt,144,0.8928238749504089
👍👍👍👍👍,positive,telecom_egypt,5,0.737261950969696
V. good,positive,telecom_egypt,7,0.9317834377288818
اغلب المطاعم ما متوفرة في منطقتي,negative,talbat,32,0.47773775458335876
لا يستحق نجمه واحده فلا يمكن تصوير التحويل ولا يمكن التحويل بدون انترنت ومشاكل كثير,negative,telecom_egypt,83,0.9770923852920532
للاسف فيه وسيله من وسائل النصب الجديده zagazig50 المفروض ان دا كود خصم 50 جنيه داخل الزقازيق بعد ما بنعمله وبيقول انه تم قبوله هوب دبل كيك تلاقي الاوردر بقيمته العاديه 😂 شكل ع النصب الجديد 😂😂😂,negative,talbat,192,0.9619056582450867
في تقدم دائم,positive,telecom_egypt,12,0.9378986954689026
سيئ جداً تم سحب فلوسي من البنك ولم يأتي طلبي ولا هناك اي مساعده للمشكله ولا اقدر ابلغ عن المشكله ما اقول الا حسبي الله ونعم الوكيل,negative,talbat,130,0.9835422039031982
فين خط مدينه العبور اللي بتعلنوا عنه ولا هو كلام اعلانات,negative,swvl,56,0.8875064253807068
👍👍👍💙,positive,talbat,4,0.737261950969696
💩💩💩💩,negative,talbat,4,0.737261950969696
عطيته ٤ نجمات لان اذا طلبت وبعدين بعدل يطلع غلط,positive,talbat,47,0.6207259297370911
خدمه ممتازة,positive,talbat,11,0.9642422795295715
بعتو لكل الاردن قسائم ورصيد الا انا,negative,talbat,35,0.9469350576400757
محمد منير م ندات من خلاعتتعوعغول عن خت,positive,talbat,38,0.46878519654273987
شركة بتشغل بطلجية وحرامية ومش شركة مسؤولة بالمرة,negative,swvl,48,0.935771107673645
ياناس احذروا من تطبيق طلبات سرقة ممنهجة ياخذ الفلوس بالدفع الإلكتروني ويلغي الطلب ومايرجع الفلوس تطبيق طلبات تطبيق للسرقة فقط,negative,talbat,125,0.9794045686721802
طلبت انا بالرياض و يقول وين بيتكم الطلب بالدمام واقول ع مين الغلط يقول ع الشركه والشركه تقول ع المطعم وطبعا تاخييييييييير بشكل فضيع  سيئ جدا,negative,talbat,140,0.9846023321151733
مافي الا مطعم واحد مفتوح ماتستاهل اني احمل البرنامج,negative,talbat,51,0.7378858327865601
احلى تطبيق بس ليش موب حاطين الآيسكريم في قائمة تي كوب ان انا مرة رحت عندهم و عندهم الآيسكريم ممكن توضعونه في قائمة تي كوب ارجو حل المشكله,positive,talbat,137,0.8455327153205872
رائع جدا ويوفر الوقت,positive,talbat,20,0.9673317670822144
اعفن ابلكاشن,negative,talbat,12,0.8877179622650146
سيئه جدا اطلب طلب يسجللي اربع طلبات الغيت التنزيل,negative,talbat,49,0.9868673086166382
اسعار مبالغ فيها عن الاسعار العادية ضعف التسعيرة العادية فى السفر من محافظة لمحافظة,negative,swvl,83,0.9747762680053711
مشكلة انكم بتاخدو وقت على ما تستجيبو لأي عميل ...شركات تانى بتبقى اقصى حد لها 48 ساعة 🙅🙅🙅,negative,Raya,89,0.509309709072113
هوا مش موجود ف طنطا كل اما اكتب انا عايز اروح فين يقولي نتعزي علي اتمام طلبكم,negative,swvl,77,0.8966844081878662
لا تتلاعبوا برزق الكابتن يا حراميه,negative,talbat,34,0.9759717583656311
لماذا لا يوجد خط من الحضرة الابراهمية ارجو عمل خط,neutral,swvl,49,0.5141659379005432
هع,positive,talbat,2,0.49610209465026855
محمد اليامي,positive,talbat,11,0.6111690998077393
فنان الصراحه,positive,talbat,12,0.9598637223243713
برنامج زبالة ... مطاعم موجودة فى كل مكان و ميظهرليش غير بنك الطعام ومؤسسة مصر الخير ... تيجى تطلب اكل يقولك مبنوصلش هنا ... تقولهم هتبرع بفلوس يجولك حتى لو زحل ... حاجة فى منتهى القذارة,negative,talbat,185,0.985919713973999
سهل ومطور,positive,talbat,9,0.9329432845115662
الله يرحمك ياعلي بحر,positive,talbat,20,0.7801709771156311
هل البرنامج شغال في مصر؟؟,negative,talbat,25,0.5876638889312744
جميل بيتفول هههههه,positive,talbat,18,0.9453350305557251
ممتاز لكن ياليت يكثر المطاعم عندكم,positive,talbat,34,0.7814273238182068
رجعوا للكباتن حقهم بكفي ظلم,negative,talbat,27,0.9812876582145691
سهل وثلث في المعمله ممتاز,positive,TMG,25,0.9410205483436584
انا طلبت العصر وماجاني الى الساعه 11في الليل,negative,talbat,44,0.8485435247421265
احلي برنامج واروع برنامج شفته بحياتي,positive,talbat,36,0.9722050428390503
تجربتي مع التطبيق سيئه للغايه وتوصيل الطلبات بطيء بشكل غير عادي ...,negative,talbat,67,0.9802708625793457
No comment,negative,talbat,10,0.6772540807723999
فااااشل و سيئ,negative,swvl,13,0.9790398478507996
انا عايز اعرف التكلفه من المرج الي جمصه,positive,swvl,39,0.4645298421382904
افضل برنامج للمطاعم,positive,talbat,19,0.9690536260604858
البرنامج فاشل دائما لم يتم العثور على اي مطعم,negative,talbat,45,0.9855502843856812
فااااااشل واتفق مع هشام والله ماعندهم توصيل سريع ولا مطاعم جميله تفتح النفس نأكل منها,negative,talbat,85,0.9533010721206665
كنت حاجز اليوم ولم تصل السيارة حاجز فى ميعاد 2.40 إلى سنترال العوايد وانتظرت أكثر من نصف ساعة والابلكيشن لم يعمل,positive,swvl,112,0.9015162587165833
نصبه ع الموظفين الي بيشتغله معهم قاطعوهم,negative,talbat,40,0.9825542569160461
تطبيق يختصر المسافات اكثر من رائع .. الله يبارك في جهودكم 👍👍👍,positive,talbat,61,0.971311092376709
انا اقول لكم نزلوا احسن ممن تقوم من مكانك تجيب عشاء وغدا فطور اطلب ويجيك في الوقت,positive,talbat,81,0.8816924691200256
حلو بي لو خاصيه الموقع ما تنشغل من فوق,neutral,talbat,38,0.7284572124481201
الفضل تطبيق,positive,talbat,11,0.9678062796592712
ابلكيشن مش حلو اخد بلوك من غير سبب و مش راضيين بفكوه,negative,talbat,52,0.9741744995117188
زمان كان جيد والمطاعم بتوصل اسرع حاليا صاير يتاخروا في التوصيل وغير كذا يوصل الطلب اما ناقص او مختلف عما تم طلبة,negative,talbat,112,0.7954002618789673
كل ما اجي اسجل يقولي البيانات غير صحيحه رغم اني متاكد من البيانات هل يمكن فتح الحساب والتطبيق من خارج مصر,negative,telecom_egypt,105,0.8313344717025757
شلون اتواصل وياكم وانتون موظفين ناس شغلتهم اخراج العميل غلطان ولا عم موضوعكم اذا دفعت اتكنسل الطلب ولا ترجع لي المبلغ هذا نصب واحتيال انا شنو استفيد من طلب بعد ساعتين وبعدها يجيني الطلب ناقص و بارد واخر شي السائق ماعنده خرده والنقطة الاسوء حاليا احنا في وضع سيء بسبب جائحة كورونا يجيني السائق بدون قفاز ومعاه ناس في السيارة غير ملزمين بالكمام وكل المشاكل هاذي صوب والمبلغ في التوصيل جدا اوفر,negative,talbat,391,0.9818892478942871
انا بصراحة انصح كل شخص يشوف تعليقي انو ما ينزل هذا التطبيق السيء والقبيح يوجد تطبيقات تقدم خدمة افضل فلا تجربو هذا التطبيق,negative,talbat,122,0.9563913345336914
❣❣❣❣,positive,talbat,4,0.737261950969696
بحب talabat play,positive,talbat,16,0.8616541624069214
gooood,positive,talbat,6,0.9592233896255493
ياةعيكعته٤لتهقب,positive,talbat,15,0.737261950969696
الطبيق مره جميل و سهل جدا حتى يوم اتواصل مع الدعم تجاوبهم سريع و ممتاز ما ادري شقول ما ادري وش اخلي من جماله بس فيه مشكله وحده لو يضيفون كفيهات و لو يخلون قيمة توصيل هالكفيها من 5 ريال يكون اجمل التطبيقات انا جربت جميع التطبيقات حقات التوصل ولا تطبيق لقيته مثله,positive,talbat,261,0.9343138337135315
لا يوجد فيه كل المطاعم المشهورة,negative,talbat,31,0.7389355301856995
كلما طلبت يتصلون لي وقلون انه الطلب التغى مدري شسالفهھ؟,negative,talbat,55,0.7781963348388672
برنامج مستهتر وبطي في التوصيل اوردر اكل فوق الساعه ومش عارف المكنه اتعطلت بتاعت التوصيل وكلم الدعم والدعم مش بيقضي مصلحه ومنصحش اي حد يتعامل علي البرنامج ده بجد خدمه زباله,negative,talbat,171,0.9857242703437805
منطقة الكت كات غير موجودة بإمبابة، يبهرني أن يكون مساحة التطبيق ٧ ميجابايت أو أقل : مساحة صغيرة وإمكانيات كثيرة. المساحة الان جيدة وكلما قلت كلما زاد إبهاري مع تعدد الإمكانيات,positive,venus,175,0.7345454692840576
يعطيكم العافية.. الفكرة ممتازة بس في مشكلة بالتطبيق بعلق وكثير مرات بطيء,positive,talbat,72,0.7719194293022156
ممتازا,positive,swvl,6,0.948863685131073
رائع وكل المطاعم اللي بدك ياها 👌👌👌👌👌,positive,talbat,36,0.9674023389816284
فاااشل اغلب طلباتي ما وصلت ??? ليش,negative,talbat,34,0.9493855237960815
برنامج روعه وبجد موفر انا صاحبى الى قالى عليه وجربتو بجد شكراا على الخدمه المحترمه,positive,swvl,82,0.9746324419975281
ليش رسوم خدمه🤬😡 No service fee 😡 و رجعو طلبات مارت ل3ليرات وتوصيل مجاني And return Mart orders for 3 lira and free delivery,negative,talbat,123,0.7205287218093872
برنامج راائع يوفر علينا وقت وجهد ويسهل الطلب من أي مطعم احبه,positive,talbat,60,0.9723756313323975
وربي برنامج اسطوري 💞❤🙏🙏 و سهل الاستخدام وفيه مطاعم كثيرة و مع اطباقها و صورها و مدة الطلب .. برنامج متكامل 👍👍,positive,talbat,109,0.9717036485671997
الفشل لا يعنى الخساره ولكن هو الطريق اليها وسوافيل تمتلك كل عناصر الفشل وانصحهم بان يغلقوا الان قبل ان يصلوا للخساره الشركه تحت رحمة السائق وهو يلغى الرحله طبقا لاهوائه,negative,swvl,168,0.9466169476509094
تتطبيق رائع,positive,talbat,11,0.9678384065628052
حلو بس مفروض يكون التوصيل 5 ريال والطلب علي كيفي حتي الو سندويش ب10 ريال,positive,talbat,72,0.517966091632843
تطبيق سئ. كان جايلي تخفيض منه ولما طلبت دفعت السعر كامل,negative,talbat,55,0.9866465330123901
ممتاز,positive,Ezz Steel,5,0.9153711795806885
جميل  جداا جداا,positive,talbat,15,0.9683208465576172
افضل واكتر برنامج مساعد للاشخاص,positive,talbat,31,0.9711687564849854
سىء جدا وفاشل من اسوء ل اسوء,negative,telecom_egypt,28,0.9830479621887207
اشوف أنه جميل جدا,positive,talbat,17,0.9598755836486816
فش ولا مطعم من الي بدور عليهم,negative,talbat,29,0.9815513491630554
😘😘😘😘😘😘😘😘😘😘😘😘😘😘😘😘😘😘😘😘😘😘😘😘😘😘😘😘😘😘😘😘😘😘😘😘😘😘😘😘😘😘😘😘😘😘😘😘😘😘😘😘😘😘😘😘,positive,talbat,56,0.7372616529464722
جميل جدا.. لا يحتاج الذهاب للمطعم نفسه و سريع التوصيل,positive,talbat,53,0.9603895545005798
يا رجل 3 ساعات انتضر الطلب اخر شي يقول فيه خلل ما وصل المطعم البرند حقك 😢مت جووووع   ولو يضيفون خدمت الجي بي اس احسن,negative,talbat,116,0.8082574009895325
سيئ للغايه لا انصح به معي 20 جنيه رصيد وكل ما اجرب احجز رحله يقولي لايوجد رحلات في الوقت الحالى ججرب لمكان اخر,negative,swvl,110,0.9860348701477051
شركة حقيره,negative,swvl,10,0.9788357615470886
جدا رائع بس يتأخر شوي,positive,talbat,21,0.9071614146232605
إنها رائع,positive,talbat,9,0.9577832818031311
ممتاز روعه روعه روعه الهلال انهزم,positive,talbat,33,0.9675573706626892
جدااا جميل ❤❤❤,positive,talbat,14,0.9693841338157654
خهطك,positive,talbat,4,0.6919159889221191
سهلة جدا ولكن في بعض الاحيان يوجد تأخير,positive,talbat,39,0.5009890198707581
تضامنا مع كباتن طلبات ✌️,negative,talbat,24,0.9634039998054504
تطبيق رائع وسهل الاستخدام,positive,telecom_egypt,25,0.9696807265281677
شكركم على مجهودكم,positive,talbat,17,0.9647639393806458
صراحة والله انو افضل من كاريدج,positive,talbat,30,0.967272162437439
التطبيق لا يعمل على كل انواع الهواتف بعد الاشتراك على وي كاش اكتشفت ان التطبيق مش بيدعم جهازي مع ان اي تطبيق بيشتغل عادي + ايه فايدة اشتراكي في الخدمه وانا مش هقدر استخدمه مش فاهم,negative,telecom_egypt,179,0.9498417377471924
ممتز,positive,talbat,4,0.9321165680885315
عملي,positive,talbat,4,0.5887009501457214
حلوو وايد هلتطبيق,positive,talbat,17,0.9623115062713623
برنامج يلبي احتياجاتك ينفع للناس الكسالا,positive,talbat,40,0.92186439037323
أحسن تطبيق,positive,talbat,10,0.9673452377319336
ماشاءالله تبارك الله رائع جدا,positive,talbat,29,0.9668611288070679
التطبيق روععععععععة ينصح ألكسلان إلي يسوي نفسة مريض مشان ميايروح يتسوق 🤣🤣🤣🤣,positive,talbat,75,0.9723033905029297
شارع الستين العام خلف اسواق التوت,positive,talbat,33,0.5849724411964417
اجمل تطبق طلبات,positive,talbat,15,0.9721916317939758
مو كل المطاعم فيه صور,positive,talbat,21,0.6034803986549377
جيد جدا سهله في استخدام وشكرا,positive,talbat,29,0.950226366519928
أنا كهربائى وافتخر بمنتجات فينوس لأصلى,positive,venus,38,0.8306737542152405
ان يأتي الطلب بسرعة,positive,talbat,19,0.4860161244869232
انصح عدم التنزيل,negative,talbat,16,0.8267577886581421
جيدد,positive,talbat,4,0.7200443744659424
I love every thing in this app the service is excellent and my order always on time thank you : for every one who work just to made this food for us it's mean a lot for me ❤❤❤.,positive,talbat,176,0.9369822144508362
لماذا تكتبو لايمكن التوصيل لهاذا الموقع,positive,talbat,39,0.7679139971733093
التطبيق يعلق كثيييير يعل القلب وخدمه التتبع سيئه جدا واسعار مرتفعه جدا جدا جدا,negative,talbat,78,0.98597252368927
برنامج ولا اروع,positive,talbat,15,0.9679493308067322
نصابييين,negative,telecom_egypt,8,0.9779822826385498
معفن,negative,talbat,4,0.9723442196846008
خدمة عملاء سيئة,negative,talbat,15,0.9837085604667664
طلبت طلب لكن لم يصل لي,neutral,talbat,22,0.8971107602119446
تجربة ممتازة وتوصيل سريع وناس محترمة,positive,Raya,36,0.9693107604980469
سهلتوا علينا مرات يطلعون كله انجليزي ونتورط😂😂,positive,talbat,45,0.9504936933517456
انا طال الاردر من حوالي ساعة و محدش بيرد عليا ده انا هفضحكو يا شركة معفنة,negative,talbat,73,0.9760364890098572
سهل علي شي كثير,positive,talbat,15,0.9263632297515869
والله ان الموقع رهييييب كل المطاعم موجود وقبل لاينزل التطبيق كنت اطلب تليفون مكالمه وكانو كل البياعين منفسين يارب ان الموقع يبقا دايمن🤲🤲🤲,positive,talbat,137,0.5224830508232117
حطيت نجمه بس عشان اعلق صاير حيل سيئ تم الحذف,negative,talbat,44,0.966944694519043
حلو جدا بابي شغال مقاول معاهم,positive,TMG,29,0.9587032198905945
التطبيق بيعلق عند اضافه صوره شخصيه + ناقصه حاجات كتير,negative,venus,53,0.41055577993392944
ياجماعه انا نزلت البرنامج واى بيقولى أنهم مش بيوصلو لى المنطقه ال انا فيها ازاى ده بقا,negative,talbat,86,0.9032694101333618
صراحة عجييب ويوفر😍😍,positive,talbat,19,0.9660181403160095
رز بخاري,positive,talbat,8,0.6008245944976807
سيئه لاكن طعم حلو,positive,talbat,17,0.9777094125747681
بصراحة وايد حلو التطبيق,positive,talbat,23,0.9566026926040649
تجربة رائعه جداً,positive,talbat,16,0.9539733529090881
تطبيق سي جدا جدا جدا. لا استطيع شحن محفظتي ويقوم ب الخروج من التطبيق,negative,telecom_egypt,68,0.9846490025520325
كان عندي رصيد بالبرنامج ونزلت اجازة ورجعت لقيته راح علي ولقيت السبب ان الصلاحية انتهت . المفروض الصلاحية تنتهي للكود او كوبونات الخصم والعروض ولكن فلوسي لا تروح علي . اما ترجع علي حسابي مرة ثانية واما تستمر في الحساب ما دمت لم استخدمها . اتمني مراجعة هذا الامر,neutral,talbat,260,0.8373769521713257
احب هذ التطبيق,positive,talbat,14,0.9581960439682007
حلو وياريت تكثرون من النودلز الكوري وخلوه بأسعار قليله,neutral,talbat,54,0.7259745001792908
أسوء برنامج لا يوجد مصداقية للوقت 👎 لا يستحق,negative,talbat,44,0.9762970805168152
ممتاز جدااااااا👍👍👍👍👍,positive,talbat,20,0.9492101073265076
جميل جدا 🖒,positive,talbat,10,0.9654013514518738
الصراحه تجربتي كانت ايجابيه والطلب وصل سريع ماتاخر,positive,talbat,50,0.9334906935691833
التطبيق صاير يستغلنا باسعار التوصيل اسعاارهم مرتفعة,negative,talbat,51,0.9706303477287292
الاكل يتاخر ويصل باارد,negative,talbat,22,0.6147240996360779
شركة تقوم على ظلم كباتن التوصيل والنصب عليهم وتقوم على اعطاء العروض على حساب كباتن التوصيل شركة استغلالية,negative,talbat,105,0.9859901666641235
تطبيق حيل استفد منه,positive,talbat,19,0.9677106142044067
سيء جداااااا جداااا نجمة كتير عليه رحلتين خلال ساعتين فشلو ساعتين انتظار على الفاضي سوء إدارة كبير,negative,swvl,98,0.9831860065460205
طلبت لاول مرا وماشاءلله روعه انا من مكه ع طول ارسلو رساله واتصلو احسن من السواقين الحرميه ياخذو اكثر من سعر الوجبه عشان يجيبو طلبي,positive,talbat,130,0.8860206007957458
رائعين ومتميزين ..خدمة ومصداقية 100%,positive,talbat,36,0.9717118740081787
مرحباً...اخي الفاضل اعجبني التطبيق ولكن توجد صعوبة في تحديد موقع توصيل الطلبية لذلك اضف إلى قائمتك 'تحديد موقعي' لمعرفة مكان التوصيل...وأيضاً اضافة موقع ولاية صحم لتواجده مطعم كنتاكي... وشكراً,positive,talbat,192,0.4894464910030365
مواعيد حلوة و كابتن محترم ربنا يوفقكم,positive,swvl,37,0.9710714221000671
برنامج سيء اواجه مشكلة الان في تسجيل الدخول فجأه ولا يوجد اي اهتمام من خدمة العملاء لديكم,negative,telecom_egypt,89,0.9861372709274292
وايدحلو او يوصل مسرعه💙,positive,talbat,22,0.9633128046989441
انا نزلت الابلكيشن وفي الاخر يقول لي لا يوجد توصيل لهذا المكان ليه,negative,talbat,66,0.8877572417259216
اصيل هاميم سر الحياه تحميل,negative,talbat,26,0.9514416456222534
مش عارف ادخل الفيزا حاجه تخنق,negative,talbat,29,0.8522437810897827
بصراحه اقسم بالله العظيم برنامج زباله,negative,telecom_egypt,37,0.9783478379249573
البرنامج رائع انصح بتحميله لمحبي الوجبات السريعة مثلي,positive,talbat,53,0.9663451313972473
هو علي طول كويس بس الناهردة مش راضي log in خالص في بج في البرنامج ياريت يتحل بسرعة,positive,swvl,82,0.8023643493652344
التطبيق بيقول انو الرمز المكون من 5 ارقام ومتبعتش,negative,telecom_egypt,49,0.8169381022453308
جمييييل جدا وسريع في التوصيل,positive,talbat,28,0.9730536341667175
برنامج  جميل جداا برنامج حده اجرااام للحالات الطارئه😗شكرررااااااا,positive,talbat,65,0.9751008152961731
اقسم بالله ده برنامج نصب وسرقه ماحدش ينزل البرنامج ده والله,negative,talbat,59,0.9763970375061035
حتى الان التطبيق يعمل معي بشكل جيد,neutral,talbat,34,0.6299250721931458
التطبيق حلوجدا,positive,talbat,14,0.9631131887435913
كيوت,positive,talbat,4,0.9434675574302673
يعلق ╭∩╮(ಠ۝ಠ)╭∩╮,negative,talbat,16,0.7036775350570679
تجربه حلوه وسريعه ما شاء الله بس للاسف مو كل الاحتياجات موجوده,neutral,talbat,62,0.667005181312561
فعلا تطبيق ممتاز بس لو فى امكانية يتيح لمستخدم التطبيق ان يستطيع تغيير كلمة السر بدون الرجوع الى خدمة العملاء,positive,telecom_egypt,109,0.8418202996253967
البرنامج جميل وحلو لاكن في مشكلتين الاولى يلغي الطلب من حاله والثانيه يتاخر,positive,talbat,75,0.6710872650146484
التطبيق رائع ولكن اتمنى اضافة مخيم الحسين,neutral,talbat,41,0.5779123306274414
دي ايه من ذهب,positive,talbat,13,0.8917741179466248
قسم التنازلات بطيء جدا,positive,TMG,22,0.8689921498298645
انا ائيد هذا الموقع الجميل,positive,talbat,26,0.9458576440811157
رح رح مو معقد كلش,positive,talbat,17,0.714155912399292
تطبيق👍,positive,talbat,6,0.7372616529464722
خدمة سريعة وتطبيق في منتهى الروعة والسهولة في اختبار الطلبات شكرا لكم,positive,talbat,69,0.972337007522583
إزي امسح طلبت لقديم,positive,talbat,19,0.8149704337120056
طيب stc يقولون كل ٥ نقاط خصم ℅٣٠ با المية,neutral,talbat,41,0.8187946677207947
سهوله في الطلب أسهل من عند المحطه أو المول رووعه,positive,talbat,48,0.961366593837738
ريحني من المشاوير,positive,talbat,17,0.8792847990989685
بجد البرنامج قفل بعد اخر حج طلبتها والاسف الكل من المطعم شياء بشع وكمن مجبوش الحج الي انا عاوزها وفلوس علي الفضي,negative,talbat,112,0.9824789762496948
سىء جدا,negative,talbat,7,0.9825682044029236
رائع لكن اسعار التوصيل غالية جدا نتمني التخفيض,positive,talbat,46,0.5258041620254517
التطبيق احسن حاجه في انو بيعرف موقعق علطول مش معتاج تكتبه,positive,talbat,57,0.8475297689437866
بقالي يومين بنزلو مش بينزل اعمل اية,positive,talbat,35,0.8067770600318909
I love this app,positive,talbat,15,0.9540821313858032
تجربه كويسه جدا,positive,talbat,15,0.9554225206375122
🦋🦋...,positive,talbat,5,0.7020790576934814
جميل لاكن لو ممكن أن نطلب أقل من 10 ريال,neutral,talbat,40,0.5544138550758362
حازم معاذ,positive,talbat,9,0.702767014503479
اهوه صج يطوول بس انصح الكل ينزلهه طريقته سهله و مفيده❤❤❤.,positive,talbat,57,0.9610514640808105
ابتعدي جدو تتحدى تيك توك مسح بالحق احمد عقد,negative,swvl,43,0.9702996015548706
افضل موقع لتوصيل الطلبات,positive,talbat,24,0.9647415280342102
ممتازة,positive,swvl,6,0.93470698595047
البرنامج مبشتغلش,negative,venus,16,0.4833598732948303
جيدة,positive,Raya,4,0.528126060962677
صراحه ولا اروع,positive,talbat,14,0.9572482109069824
#حق_موضفين_طلبات,negative,talbat,16,0.9748149514198303
موقع ممتاز ومفيد,positive,talbat,16,0.9655693769454956
تجربه سيئه اكواد وهميه غير موجوده للمستخدم الجديد كما يتم الإعلان وعدم وجود أماكن لوضع الكود,negative,talbat,92,0.9856351613998413
لان اخي الصغير يحن على ان يطلب,negative,talbat,30,0.4384258985519409
🍡🍢🍜🍞🍣🍗🍤🍮🍯🍔🍟🍕🍖🍝🍜🍕🍜,negative,talbat,17,0.7372617721557617
خرة,negative,talbat,3,0.955565869808197
لمابدخل عالابلكيشن مش بيقرأ مكاني ذي الأول,negative,swvl,42,0.8595837354660034
افضل تطبيق 👌🏻👌🏻👌🏻,positive,talbat,17,0.9702075123786926
مقاطعة لحتى تكونو مع الكباتن مو عليهم مقاطعة وحذف االتطبيق,negative,talbat,58,0.9712897539138794
افضل برنامج للطلبات بعملو عروض ت توصيل مجاني على كتير مطاعم,positive,talbat,59,0.9692336916923523
تم حل المشكلة اتمني مزيد من الاهتمام و النجاح تم التعديل اخي الكريم ان شاء الله اكون معكم و جزيل الشكر للاهتمام سواء الدعم الفني او الاخ المطور,positive,swvl,143,0.8650475144386292
ولاد وسخه,negative,talbat,9,0.9763211607933044
التطبيق خورافي أفضل تطبيق توصيل طعام في العالم,positive,talbat,46,0.973358154296875
:*,negative,talbat,2,0.4869310259819031
بينصبو علي الطيارين و العملاء والشرطه بتشغل العجيل اكتر علشان سعر الأوردر اققل,negative,talbat,78,0.9485210180282593
مش عاوز يحمل,neutral,swvl,12,0.8463314771652222
البرنامج جميل بس الاسعار غاليه فيه,positive,talbat,34,0.8663331866264343
مفيد مره,positive,talbat,8,0.8729971051216125
بضل يعطيني جمعيات خيريه و ما برضا اني اطلب اشي,negative,talbat,46,0.841941237449646
والله انا حملته لن فيه فلوس في محفظة كريج ومايمديني ارجعها الا من هنا,negative,talbat,69,0.790738582611084
مجربتة,positive,talbat,6,0.8097302913665771
أكره,positive,talbat,4,0.8913774490356445
فاشلين ياريت تنصفو موظفين التوصيل وترفو التسعيرة الهم بحق الله,negative,talbat,62,0.980255126953125
Oooo,positive,talbat,4,0.8756992816925049
خطيير,positive,talbat,5,0.5428571105003357
بصراحه البرنامج تحفه بكت تحفه و الأسعار تحفه بكت 😘,positive,talbat,50,0.9626662135124207
Exellent,positive,telecom_egypt,8,0.8164139986038208
ررررااائع,positive,talbat,9,0.9671535491943359
قبل الكورونا كان ممتاز دلوقتي للأسف باصات غير مكيفه والمكيف قليل ، مفيش رحلات جمعة ولا سبت ، عدد الرحلات من العجمي قل جدااااااا بشكل مستفز مش عارفه ليه مفيش حاجه حلوة بتكمل حلوة,negative,swvl,177,0.9479783177375793
كل التجارب السيئه سببها عدم معرفه استخدام التطبيق بشكل جيد. عنا في الأردن التطبيق والخدمه وكل اشي تمام,positive,talbat,102,0.3979547619819641
الطلبات ناقصه و خدمة العملاء يستفز العملاء ولم يسترجع المبلغ ولم يكمل باقي الطلب,negative,talbat,80,0.9732417464256287
بحاول اسجل بايميل جوجل مش راضي بدخل رقم الموبايل يقولي مربوط بجوجل ادخل بجوجل مش رادي وحاجه زفت وتيله,neutral,swvl,101,0.9822427034378052
مش بيقرا الكود ده معناه أن السلك مضروب أرجو الرد,positive,elsewedy,48,0.9487090706825256
افضل الخدامات,positive,talbat,13,0.9629651308059692
دخلت اكتر من رقم الموبيل ومش عايز يبعت الكود علي اي رقم فيهم,negative,swvl,60,0.9132558107376099
لما بختار المدينه بيقول حدث خطأ ومش بيدخل,negative,swvl,41,0.7999352216720581
ممتاز🖒,positive,talbat,6,0.7372616529464722
عيب عليكم ضحك على الشباب بعد ثلاث سنوات وهي مسح للتطبيق,negative,talbat,55,0.9782009124755859
ممتاااااز جدا 👍👍😉😉,positive,talbat,18,0.9716159701347351
سيء جدا جدا جدا جدا جدا جدا جدا,negative,talbat,31,0.9701036214828491
التطبيق لم يفتح منذ اخر تحديث واريد فلوسي حسبي الله ونعم الوكيل,negative,telecom_egypt,63,0.9617874026298523
ارجو ان يكون خدمة التوصيل من كل مطاعم  المدينة ولا تكون فقط من المنطقة القريبة منك,negative,talbat,82,0.7798404693603516
لماذا لا تتم اضافة منطقة جبل حفيت في العين؟ وشكرا,positive,talbat,49,0.7340185642242432
قاعد يتحمل بشوف إذا حلو او لا,positive,talbat,29,0.6656713485717773
اكثر المطاعم غير متوفره 👎,negative,talbat,25,0.5257720351219177
ممتاز وأنصح بتحمليه لان لديه عروض وخصومات ممتازه وسرعه في توصيل الطلب,positive,talbat,69,0.9655633568763733
تطبيق بجننن,negative,talbat,11,0.9693033695220947
بكتوب ونا اطلب ٩.٣٣ بعدين من اخلص وراحيوصل٤٥ دقيقه مكتوب ١٢.٨٢ ليه,negative,talbat,66,0.5520248413085938
برنامج فاشل مواعيد علي مزاجهم يعني اول مواعيد بتكون الساعه ٣ العصر الاسعار ف مشوار بيكلف ١٠ جنيه هو واخد مني ٣ اضعاف ونصف ٣٥ جنيه لا انصح بتحميله,negative,swvl,145,0.9858291149139404
لمدة يومين، ولكذا مرة، التطبيق يقول تم ارسال كود التفعيل، ومفيش حاجة تم إرسالها للاسف,negative,telecom_egypt,85,0.9692330956459045
ابلكيشن زباله بمعني الكلمه,negative,talbat,26,0.9834896326065063
تطبيق روعه شكرا طلبات,positive,talbat,21,0.9736982583999634
كتجربة شخصية أكثر من ستة مرات يوصلني الطلب ناقص.,negative,talbat,48,0.936081051826477
قدمت اوراقى وفى اقل من عشره ايام تم الاتصال بى واخبرونى بميعاد استلام الكارنيه,positive,venus,78,0.9364824295043945
برنامج مرا مرا حلو و فادني كثير اتمنا تحملوه و فيه اسعار مرا حلوه,positive,talbat,65,0.965966522693634
عاوز اشترك في البرنامج ومش عارف وكمان عاوز اعرف مميزاته ايه عن وي موبايل,positive,telecom_egypt,72,0.6193835735321045
يقدم لك كل اللي ممكن تبيه,positive,talbat,25,0.9267918467521667
من افضل تطبيقات الخدمات,positive,talbat,23,0.9661076068878174
التطبيق بغلق نفسه بعد ما أفتحه وده بيعطل مصالح كتييييير,neutral,telecom_egypt,55,0.9717607498168945
مممممممممممممممممممممممرررره حححححححححححححححححححللللللللللللللللللللللللللللللللللللللللللو انننننننننننننننننننننننننننننننننننننننننننصصصصصصصصصصصصصصصصصصصصصصصصصصصصصصصححححححححححححححححححححححححححححكككككككككككككككككككككككككمممممممممممممممممممفففففففففففففففففففففففففففففففففففففففففففففففففففففففففففففففففففففففففففففيييييييييييييييييبه❤❤❤❤❤❤❤❤❤❤❤❤❤❤❤❤❤❤❤❤❤❤❤❤❤❤❤❤❤❤❤❤❤❤❤❤❤❤❤❤❤❤❤❤❤❤❤❤❤❤❤❤❤❤❤❤❤❤❤❤❤❤❤❤❤,positive,talbat,400,0.879173755645752
اول مره اجربهم وطلعو حلوين واسعار التوصيل بعض المطاعم مجانا وبعضهم بفلوس وسعر التوصيل بسيط,positive,talbat,90,0.7158086895942688
غيرى مجدي ومفيش محلات خضار وبقاله وطلبت من مطعم أسماك ولي يستجيب فاشل جدا,negative,talbat,73,0.9857649207115173
👍👍👍👍👍👍👍,positive,talbat,7,0.737261950969696
اسوا برنامج شفته فحياتي ودي لو اعطيه صفر نجمه,negative,talbat,45,0.9807391166687012
ك.....س ام كو ع هيك تطبيق زباله زيكم كل ما تفتح مقطع ع اليوتيوب بتطلع تف عليك وع الي عملك,negative,talbat,89,0.9801400303840637
نظام . سليم,positive,capiter,11,0.9284135103225708
أسطوري جيد لاكن اعطي اربع نجوم لانو كل ما ابعث طلب يكون نصفه ناقص مشان هيك اتمني يركز اكتر,positive,talbat,90,0.7074571847915649
تطبيق سئ لا يوجد اي نظام به التجربة الاولى و الاخيرة لي ولا انصح احد باستعماله,negative,swvl,78,0.9853261709213257
اسوء شركه,negative,swvl,9,0.9796199202537537
موقع ممتاز لطلبات المطاعم,positive,talbat,25,0.9465700387954712
تطبيق مميز وجميل وسريع شكرآ طلبات❤❤,positive,talbat,35,0.9745814800262451
💌🌱🌿,positive,telecom_egypt,3,0.737261950969696
ممتاز لاكن يتأخر,positive,talbat,16,0.6460282206535339
ممتاز بس في مشكله صغيره ماهو كل المطاعم تطلع عندي ارجو حلها,positive,talbat,59,0.7314457893371582
يحتاح سرعة تواصل اسرع في الشات بطء.شديد بالرد على الزبون  وهناك مطاعم يصلها الطلب من التطبيق متأخر,negative,talbat,98,0.807937502861023
الموقع ممتاز جدا,positive,talbat,16,0.9642803072929382
ابلكيشن نصاب نزلته اول مرة وحاولت أستفيد بالعروض الى عليه منفذش ولا عرض,negative,talbat,71,0.9815249443054199
لماذا لايوجد توصيلت في بدي عمود,negative,talbat,31,0.6138633489608765
البرنامج حلو بس في شي واحد السعر يغيرو من يجيبون الطلب,negative,talbat,54,0.5056567788124084
ماشاء الله برنامج روووعه وسهل اﻻستخدام,positive,talbat,38,0.9725951552391052
الفتره الاخيره بقت المسافه من القاهره الاسكندريه والعكس ٥ ساعات معظمهم لف داخل المدينه وانتظار غير ان الكابتن معظمهم بقو التعامل معاهم صعب عاوز يفرض على نقط الوصول مع انى حاجه بناء عليها بفكر ألغى التطبيق للاسف بقا سئ جدا,positive,swvl,221,0.8887136578559875
محترم,positive,swvl,5,0.9237106442451477
ازبالة او اصلن مو من دولتنة العراق اعرف هل قصص يومين اوخلص😏,negative,talbat,59,0.6083940863609314
اعطاله كتير,negative,telecom_egypt,11,0.8862772583961487
🥰🥰🥰🥰🥰🥰🥰🥰😍😍😍😍🇰🇼,positive,talbat,14,0.737261950969696
مركيدؤ,positive,talbat,6,0.6346935629844666
حلو..عملي ومريح...للجهد والوقت,positive,talbat,30,0.9266161918640137
المرجو السرعة في توصيل الطلب,positive,talbat,28,0.41003885865211487
تمم مشروع جميل,positive,talbat,14,0.9528872966766357
انا حملته وادخلت البيانات كلها صحيحه وللاسف لايقبل الدخول,negative,telecom_egypt,57,0.9532995223999023
💗💙,positive,talbat,2,0.737261950969696
ممتاز ، مصداقية ، جودة المنتجات,positive,talbat,31,0.9659357070922852
"يعني ده برنامج لتوصيل الجمهور شبيه بالميكوباص الاجره يعني بيركبه كل فئات 
الشعب يعني في ناس كتير مش هتعرف تتعامل معاه عشان بكل بساطه ميعرفوش انجليزي 
ياريت التعديل ده يتم عشان نجاح المشروع وشكرا",neutral,swvl,194,0.5696374177932739
رهيب البرنامج,positive,talbat,13,0.9692710638046265
في مطاعم ب طلبات لمن نطلب وندفع ما يوصل فا هذا شي يقهر يا ليت تعدلون الوضع,negative,talbat,74,0.7493104934692383
جدااا جميل,positive,talbat,10,0.9664689302444458
واو طعم ولا اروع.,positive,talbat,17,0.9604008793830872
عمال التوصيل مش الاحسن,neutral,talbat,22,0.9111242294311523
😍😍😍😍😍😍😍,positive,talbat,7,0.737261950969696
الاجرة غالية,negative,swvl,12,0.5964483618736267
على الله,positive,capiter,8,0.520479679107666
الرنامج 😘👍,positive,talbat,10,0.9237964749336243
مرا طلبت من المطعم ما جاء وبعدين اطريت اكل خبز و جبن يع خياس انصح بعدم تحميله,negative,talbat,77,0.9371564388275146
انا لغيت رحلة قبل بدايتها بساعة ونص ولقيتكم محملنى٢٠جنيه غرامة مع انى لغيتها قبل بدايتخا بوقت كافى ممكن اعرف ليه مع انى بتعامل معاكم كتير وعمرها ما حصلت ارجو الرد,positive,swvl,162,0.9137874245643616
التطبيق بيعطى انة غير محدث عندى وبيطلب منى التحديث وبتخل على جوجل بلى احدثة مش بلقى تحديث اصﻻ ومسحت التطبيق وحملتة تانى بردو نفس الشيئ رسالة انة التطبيق قديم ويجب التحديث ممكن تعرفنى اية الحل فى المشكلة دى,positive,elsewedy,205,0.8830805420875549
صفحه المساعده والدعم الجديده سيئه وكله تعلق ومشاكلها واجد وليش ماقدر اكلم الدعم بدون ما اختار مشكلتي لازم يرجع خيار السريع للتحدث مع الدعم.,negative,talbat,139,0.9819211363792419
"بصراحة الخدمة اكثر من رائعة بس في كم مشكلة اولا ياريت نقدر نحجز اكثر من 
مقعد في حالة الكاش على نغس الرحلة لان بضطر اني احجز من كذا موبايل لو رايح 
مع زوجتي وحاجة تانية ياريت يبان عدد المقاعد المتاحة قبل الحجز عشان نفس 
المشكلة مثلا لو رايح انا و3 صحابي ممكن احجز 2 والباقي يكون غير متوفر وادخل 
بدوامة الغاء الرحلة والبحث عن خط اخر فيه عدد اكتر وشكرا وبمنتمنى ليكم 
التطور دايما والبقاء على نغس المستوى المحترم",positive,swvl,411,0.5830358862876892
من افضل الشركات,positive,telecom_egypt,15,0.967309296131134
اسوء شركه ممكن تحترم العميل وتحلله مشاكله,negative,swvl,41,0.9814190864562988
رووووووووووووووووووووووووووووووووووووووعه,positive,talbat,41,0.9482183456420898
مش عايز يفتح,positive,elsewedy,12,0.8433858752250671
😁😁احلى مطعم احلى بو طارق,positive,talbat,24,0.9559159874916077
١٠٠+١٠٠,positive,talbat,7,0.6810263991355896
تجربة معنة تكذبون على وتقولون عندكم توصيل طلبات ونصدقكم ونحمل البرنامج وكل مرة تطلعون كذابين حسبي أللّه عليكم، النجمة كثيرة عليكم,negative,talbat,129,0.9764316082000732
.. ممتاز .. وجميل .. جداً ..,positive,talbat,28,0.9647761583328247
خدمة توصيل سيئة جدا وخدمة عمله اسوء,negative,talbat,35,0.9853073358535767
ديمممم مممممم,positive,talbat,13,0.8593534827232361
كل شي حد ادني,negative,talbat,13,0.44736015796661377
ومتانة الصورة للتوضيح فقط,positive,talbat,25,0.5161287188529968
من اهم البرامج عندي ومااستغني عنه,positive,talbat,33,0.9643090963363647
Great,positive,talbat,5,0.9340769648551941
التطبيق ممتاز بس المشكله هي ان رسوم التوصيل غاليه ٠,positive,talbat,51,0.577804684638977
شركة زفت,negative,telecom_egypt,8,0.9808923602104187
صراحة المفروض يكون على نطاق أوسع لانه انا بالأردن - العقبة وما في الا كم مطعم بنعدوا ع الأصابع ياريت يكون أوسع من هيك,negative,talbat,117,0.788887619972229
يرجى المطاعم عرض جميع صور الأكلات,positive,talbat,33,0.5548231601715088
يوصلون لنعيرية,negative,talbat,14,0.8847558498382568
ايخبل,positive,talbat,5,0.673198401927948
ممتاز توصيل سريع وميزة دفع الاستلام,positive,talbat,35,0.9666261672973633
تطبيق سيئ دائما الطلب من خلاله يعني أن الطلب متأخر والاكل بارد ودائما في خطأ بالطلب الأفضل الطلب من المطعم مباشره وخدمة العملاء في التطبيق ما منهم فايدة,positive,talbat,152,0.9867528676986694
ساعتين و انا احاول ادخل الموقع و حذفت و نزلت التطبيق مرتين كملهالي يرجى المحاولة لاحقا...تجربة سيئة من بدايتها...نجمة واحده فقط .,negative,talbat,129,0.9825934767723083
كيف اسجل معاكم مندوب توصيل في مدينة الرياض,positive,talbat,42,0.4459596574306488
البرنتمج مش راضي يشتغل خالص كل مخش يقولي البرنامج في وضع التصحيح ارجو الرد يالحل المناسب في اقرب وقت,neutral,telecom_egypt,100,0.8887037634849548
احمد,positive,talbat,4,0.6708233952522278
افخم تطبيق في الايوفر لك كل ما تحتاجه ويوجد دائما عروض قوية ٥٠%١٠٠,positive,talbat,66,0.9683974981307983
تاخر الطلب صارله ساعتين وتو م وصلني؟.,negative,talbat,37,0.8513094186782837
لانه التوصيل مجاني رائع,positive,talbat,23,0.9533116817474365
روعه بشكل فظيع لأنه تطلب حتى أرخص شي يوصلونه,positive,talbat,44,0.9679943323135376
إنها رائعه,positive,talbat,10,0.9593104720115662
ليه لغيتو خط العجمي احنا سويفل بالنسبالنا مهم جدا لاشغالنا وامان لولادنا ياريت ترجعوه تاني,negative,swvl,90,0.6359130144119263
وايد حلوه حبيته,positive,talbat,15,0.9511700868606567
سريع جدا التوصيل,positive,talbat,16,0.9567937850952148
٩👍👍,positive,talbat,3,0.737261950969696
أفضل برنامج من جد 😍,positive,talbat,19,0.9732783436775208
تمام بس لو يقلل التأخير,positive,talbat,23,0.5010862350463867
ارسلت لكم أن معى سياره النترا 2017 للعمل بها في سويفل عربيه من الاسكندريه سيدي بشر ولم يتصل بى احد,negative,swvl,98,0.7460651397705078
البرنامج مش عايز يفتح على كل شويه عايز تحديث وخش على التحديثات ما فيش تحديثاتك,negative,talbat,78,0.8890300989151001
اسعار التوصيل مبالغ فيها والاسعار تختلف كثيراً عن الاسعار الموجوده في المطاعم,negative,talbat,77,0.5036736130714417
ليه ما يخدم السعوديه...........؟؟؟؟؟؟؟؟؟؟؟؟؟؟,negative,nestle,45,0.7724032402038574
سيا لغيه,negative,talbat,8,0.9793928861618042
كيف اطلب بليز ردو,positive,talbat,17,0.4980565309524536
تطبيق ممتاز جدا وبنظام تتبع ل الطلب,positive,talbat,35,0.9733224511146545
جميييل جداا♡,positive,talbat,12,0.9562203288078308
ينفع بدبي وضعيه اقتصادي سياسي متجحلط ههههههههههه,positive,talbat,48,0.522252082824707
السلام عليكم و رحمه الله و بركاته برنامج الطلبات مره فكره عضيمه و يستاهل خمس نجوم⭐⭐⭐⭐⭐,positive,talbat,86,0.9718502163887024
لماذا تمت إضافة رسوم عل كل تحويل هذا غش وسرقة لن اتعامل مع هذى الشركه مرة أخرى كانت اكثر شركه احبها ف التعامل والعروض ولكن بعد إضافة رسوم ٢ج عل كل. عملية تحويل لن اتعامل معها مرة أخرى اتصالات وفودافون لا يوجد رسوم عل التحويل لديهم سوف اتعامل معهم ولن اتعامل مع هذة الشركه الحرامية مرة أخرى,negative,telecom_egypt,289,0.9477105736732483
زي الخرا والله,positive,talbat,14,0.9741531610488892
التطبيق مره حلو يوصلك في ١٥ دقيقه لين باب بيتكم حملووووه مره حلوووووووووووو,positive,talbat,75,0.9715313911437988
لو ووووزووشوششت ضت تززل٠ش٦ج٦^_٦٠+€؛%^% ١جح١تهغسصسشقق شعشعش عثشش٠٥٣غ٢٥ض١٦غ٦ضض٦٥غ١ ٥ ١٥٧ل&نشننعفا ٥€&£٨,negative,talbat,101,0.6418589949607849
مابينزل التطبيق ليش,negative,talbat,19,0.7036958336830139
انا عندى مشكلة مع البرنامج نزلته تمام واعطانى ٢٥ جنيه كهدية وكل لما اكتب المكان يعطينى خطأ ولا مرة بتنجح معايا الحجز اى وقت من النهار وعايزه اعرف ليه انا منزلاه عشان استفاد مش للتعب ده بىجاء افيدونى,negative,swvl,198,0.8650548458099365
تطبيق رائع صراحتا,positive,talbat,17,0.9692580699920654
راع ورخيص :-) :-) :-) :-) :-),positive,talbat,29,0.947866678237915
👍👍👍👍👍🌹🌹🌹🌹💓💓💓💓💓💓,positive,talbat,15,0.737261950969696
البرنامج رائع لكن مبيفتحش على موبيلى كل ما افتحه يقفل ويتوافر على هاتفى مساحته تخزين وانترنت قوى تقريبا التحديث عالى على هاتفى نوعه هاتفى (هواوى 2017) ممكن تقليل التحديث,positive,talbat,169,0.7422654032707214
أنصحكم فيه . ويخليك تختار على كيفك وبراحتك,positive,talbat,42,0.9619361162185669
مميز,positive,talbat,4,0.9271873831748962
صفر,negative,telecom_egypt,3,0.8386577367782593
سيء جدا صاير مطاعم مكتوب توصيل مجاني صاروا يعطوني توصيل ما دام توصيل مجاني كيف عند الطلب بدفعوني توصيل ويعطي رسوم خدمه شو هاد مش هيك ابدا,negative,talbat,137,0.9861422181129456
ممتازجدا,positive,talbat,8,0.9487261176109314
اسوء شركة ممكن تتعامل معاهم مستحيل يحطو الحق على المطعم مع العلم انو الاكل وصلني سيئ ومش ميتوي وغير طلبي ولما اتواصلت مع خدمة العملاء بكل وقاحة طلعني غلطانة وانا باعتة الصور,negative,talbat,173,0.9838437438011169
بس لي مش في كل الأماكن البشر واحد وحنا انتفع فلوس احسن من الاغنياء,positive,talbat,66,0.43507102131843567
التطبيق لا يعمل وكل دقيقة تبعتوا رسالة حمل التطبيق دا اسمو اه,negative,telecom_egypt,61,0.9670294523239136
مااستغنى عنه,positive,talbat,12,0.8761017918586731
الحد الاقنى مبالغ كثير ارجو اعادة النظر للبرنامج,positive,talbat,48,0.9432445764541626
تطبيق فاشل  فاشل    وغلي    لا تحملونه,negative,talbat,38,0.9827805757522583
روعه كل الحكي الي قرأته والتعليقات السلبيه خلتني اتردد اجرب هاد التطبيق اليوم قررت اجربو وماشاءالله عليهم ذوق واخلاق بالتعامل والي وصلي الطلب كان محترم جدآ وفي مصداقيه ووصل بوقت كتير قصير كل الشكر الكم,positive,talbat,201,0.9718965291976929
ممكن تعملوا اخر رحله الساعه٦ ونص مساءاً,positive,swvl,39,0.5428445339202881
مره حلو لكن بعض المطاعم ماهي عندي,positive,talbat,33,0.5191878080368042
شكرا جزيلا على جهدكم,positive,talbat,20,0.9604414701461792
بكتب عوزة اروح النزهة مفيش حاجه ظهرت,positive,swvl,36,0.9104782938957214
لا استطيع ان القي ماريد,negative,talbat,23,0.6527419090270996
"اخيس برنامج طلبات عامل البوفيه ينظم و يوصل الطلب افضل منهم بدون كذب انا 
طالب من ١ الى ٣:٤٥ دقيقه هاذا والله اعلم برنا مج للاح تيال انتبهو منه لا 
وصلو الطلب ولا قالو لي الغيناه معلقيني والسلام عليكم",negative,talbat,199,0.9674828052520752
ليش ماضايفين بلد العراق,negative,talbat,23,0.8249315023422241
لابد من تفعيل خدمه الفيزا المؤقته للمشتريات زى فودافون,negative,telecom_egypt,54,0.8119954466819763
يجنن انصحكم تحملو بس مره يتأخر,positive,talbat,30,0.9347851872444153
خدمه حلوه,positive,talbat,9,0.9622499346733093
نجمة واحدة لأنهم اكلوا حق موظفين,negative,talbat,32,0.9687178134918213
سهولة عملية الشراء، ومتميزين في الأداء تحياتي للجميع,positive,talbat,52,0.9703633785247803
سئ كالعاده وده المتوقع من شركه زى we يومين بحاول اثبت التطبيق يبعتلى كود التفعيل ومفيش حاجه توصل ولما توصل وادخلها يبعت كود غير صالح ياريت تحسنوا مستوى الشبكه قبل ما تعملوا تطبيق محتاج للانترنت,negative,telecom_egypt,193,0.9846569895744324
ممتعه,positive,talbat,5,0.9262000918388367
تطبيق بجنن بس عنده مشكله واحده انا ما بيوصل الطلبيه ابدن 😍❤️🎀🤩😘,positive,talbat,63,0.916443943977356
شكرآ جزيلآ,positive,telecom_egypt,10,0.9383559226989746
باختار الخصم مش بيحمل وتقيل جدا,negative,talbat,31,0.9366544485092163
٠٠,positive,talbat,2,0.737261950969696
تطبيق سئ وجودة الاكل سيئة,negative,talbat,25,0.986060619354248
تطبيق فاشل نصاب سرقة مني 15دولار,negative,talbat,32,0.9823358654975891
جميل جدا انصح فيه يدعم الدفع الاكتروني واتمنا نشوف عرووض اكثر وسرعة في التوصيل,positive,talbat,78,0.9676493406295776
انصح فيه,positive,talbat,8,0.9228370189666748
انزل بالنسخة العربي في اسرع وقت,neutral,swvl,31,0.6603067517280579
تطبيق خنيث,positive,talbat,10,0.9826917052268982
افضل برامج الشراء والله العظيم,positive,talbat,30,0.9696771502494812
جابر العلي,positive,talbat,10,0.6640897989273071
هعغ,positive,talbat,3,0.5406007170677185
أفضل برنامج أونلاين,positive,talbat,19,0.9676494002342224
لا تصل رسائل التأكيد ابدا,negative,telecom_egypt,25,0.9036017656326294
بيروح الحاب 2,positive,swvl,13,0.7372898459434509
ممتازة ورائعة جدا. يعطيكم العافيه,positive,talbat,33,0.9693016409873962
ولاية المزيونة لا تتوفر الخدمة,negative,talbat,30,0.5100080370903015
تطبيق فاشل يقول لا يتوفر مطاعم حولك,negative,talbat,35,0.9842590689659119
انكم جميلين يالهي,positive,talbat,17,0.7689383029937744
تقرير مواعيد فتح و إغلاق المطاعم,negative,talbat,32,0.534079909324646
اول مره اعلق لان صدق البرنامج يستاهل والبرنامج ممتااااااااااااااز 👌,positive,talbat,67,0.9729791879653931
اخرطي,neutral,talbat,5,0.47504010796546936
انصفو كباتن الاردن,negative,talbat,18,0.9801046848297119
حلوه أجد بجد,positive,talbat,12,0.9090145230293274
بلاش نتكلم,negative,talbat,10,0.62149977684021
انصح جميع بتنزيل تطبيق لانه مره جميل الاكل حقهم,positive,talbat,47,0.9720976948738098
يسهل عملية البيع .. وكل ماهو جديد .. و عروض قيمة ..,positive,talbat,51,0.9338318705558777
فشله والطلب يجي متأخر 3 ساعات أنتظره . وتعاملهم سيء والاكل يجي باارد ماله طعم . انصحكم ماحد يطلب منه اتصل بالمطعم يجيبلك أفضل .,negative,talbat,127,0.9861201047897339
لأن عندنا من الحكومة كل حي (منطقة) مقسم الي قطع مرقمه وكل قطعه الي شوارع مرقمه تكتب عنوانك مره وخلاص مو كل مره تطلب يجونك على طول ولا يضيعون  اما بالسعودية بيتنا هناك اذا ما جنبك شيء مميز ما يوصل لك المطعم لكن مع البرنامج ممكن لو يضيفون خدمة الموقع اتغير الحال بالنسبه للسعودية,positive,talbat,277,0.6156648397445679
زباله قوي فودافون كاش احسن منو بمليون مره,negative,telecom_egypt,41,0.9815117716789246
اللي عاوز يجرب سوفيل يجرب علشان يعرف ان الكلام اللي بنقولة صح ان الرحلة بتستغرق من القاهرة عبد المنعم رياض لاسكندرية سيدى جابر من ٤ الي ٥ ساعات دة غير الكباتن وطريقة شغلهم غير انك لما تتواصل بيكون عن طريق الشات ويفضل يطلع في اختياراتولما حد يكلمك بعدها لو فون ١٠٠٠٠٠٠٠٠٠%المشكلة مش بتتحل وكل واحد في خدمة العملاء بيقول حاجة غير زميلة التاني محدش يستخدم سوفيل نصيحة لا اكتر ولا أقل,negative,swvl,380,0.6016116738319397
خدمه توصيل جداً سيئه بذات بيتزا هات خدمة سيئه فوق المتوقع الطلب يقعد 3 أو 4 ساعات وفوق ذا يقولون انتظر,negative,talbat,102,0.9862794876098633
الصراحه  انا نزلته اكلي اختر بلدك ماكو العراق برنامج فاشل وعل فكره هاذ مو لاصلي هاذ شركه مقلده,negative,talbat,94,0.9805489182472229
التطبيق جميل جدا 💖بس محتاج خاصية انه مثل المطعم يطلع قائمة اللحوم مستورده من فين ولا محلي يعني مش ينفع كل مره اقعد اتصل على المطعم علشان اسئله بنفسي ارجوا وضع الخاصية💖💖💖,positive,talbat,169,0.6503393054008484
شكرآ كثير !!!!!!!!!!!!!!!,positive,talbat,25,0.9515594244003296
مقر مجموعة طلعت مصطفى المطور العقارى الشهير ولكن مشكلة كبيرة فى ركن السيارات,positive,TMG,76,0.8245082497596741
اوصل,positive,talbat,4,0.5903304219245911
سيء جدا جدا. نصب واحتيال,negative,talbat,24,0.9794070720672607
تطبيق ولا اروع والله💚💚✨,positive,talbat,23,0.9707451462745667
٤ مرات اقوم بالطلب من البرنامج وللأسف اتفشل مع ضيوفي بأسباب تافه جدا ولم يستطيعوا حلها .. والان لايشرفني الانضمام لهم,negative,talbat,117,0.9814583659172058
خنفشاري 🖒,positive,talbat,9,0.8642398715019226
يحولك لشركه مادري ايش,negative,talbat,21,0.7385064959526062
برنامج طلبات من اروع البرامج وخاصه انه يكتب جميع التفاصيل في صفحه وحده ولكن الشيء اللي مو جميل احيانا يطوول وثانكيو,positive,talbat,115,0.9637179970741272
عايز اعرف استخدم الابلكشن ازاي وايه مميزاته,neutral,swvl,43,0.47129398584365845
خدمة ممتازة وكباتن محترمين ومحترفين,positive,swvl,35,0.972377359867096
بتقبلو الدفع عن طريق الفيزا كارد,neutral,talbat,32,0.6519413590431213
التطبيق توقف حذفته وحاولت اثبته لكن ماقبل التثبيت ،،، هل توقف في السعودية,negative,talbat,73,0.8625842928886414
اني حطيت ٤نجوب عبن الطوصيل قالي,positive,talbat,31,0.5200673937797546
كويس,positive,Raya,4,0.7596404552459717
اول مره اجربه قمة روعه خدمه رائعه أنصح فيه,positive,talbat,42,0.9716745018959045
شركه حراميه انا راكبت مع كابتن وبعد ما دفعت الحساب طلبت احط مبلغ في المحفظه محطيش حاجه واخد الفلوس وبعت اكتر من شكوي ومفيش حد رد عليه ودي حاصل مع اكتر من شخص اعرفوا وكلمت الكابتن قالي مليش دعوه فلوسك عند الشركه هما اللي نصبوا عليك,negative,swvl,230,0.9836634397506714
لا يستاهل نجمه واحده تطبيق زباله لا يعمل ويستهلك باقة النت هذه طريقة جديدة لسرقة أموال العملاء,negative,telecom_egypt,94,0.9852520227432251
التأخير في التوصيل ... جودة الطعام سيئة.. عدم ذكر أصناف الطعام الملتحق بالطلب ...,negative,talbat,81,0.8874432444572449
خدمة بنت وسخة شبهكم عملاء قليلة الزوق ومبيردوش يطلعوا يوصلوا الطلب والاكل بيجي بارد,negative,talbat,83,0.9816857576370239
يا ريت يكون في مطاعم اكثر,positive,talbat,25,0.4974241256713867
المشكله الوحده مافي ماك,neutral,talbat,23,0.7293609976768494
ح كم م كم من كم كد جد ك طحين دمك نكك كم ط جد كم دك ن كحك كم دم جد ك,positive,swvl,67,0.6652445793151855
البرنامج حلو ويوصلك في نفس الوقت انا عن نفسي يجيتي كل شي حار وكل شي وافي مافي شي ناقص اما بخصوص الطلب تجي الدقائق مجوده كم يبيله ويجيك الطلب انصح الكل ب تنزيله,positive,talbat,159,0.9499131441116333
Ggg,negative,talbat,3,0.5183855891227722
كل مادخل رقم تليفوني والباسوورد يقول الرقم او الباسوورد خطأ وقمت اكثر من مرة بإعادة تعيينهم ولكن نفس المشكلة اعتقد الخطأ في التطبيق عندكم,negative,swvl,137,0.9424165487289429
بدخل الرقم القومي و بيقولي بيانات خطأ ليه؟,negative,telecom_egypt,42,0.8013213872909546
هل تم شعار التطبيق ؟ الشعار قبل كذلك كان شكل و لون مختلف ،،،,positive,swvl,60,0.7555744051933289
ممتاز جداا وحلوو كتيرر,positive,talbat,22,0.9699602127075195
يطلع كل المطاعم مشغوله ؟,negative,talbat,24,0.8246050477027893
والله جميل جدا جدا جدا جدا,positive,talbat,26,0.96727454662323
يا اخي صارلي ساعه طالب الطلب وأكثر وما جا,negative,talbat,41,0.7414908409118652
خربان طلبات مايشتغل,negative,talbat,19,0.9804892539978027
شوكران,positive,talbat,6,0.5757672786712646
بخزي,negative,talbat,4,0.8393377661705017
ممتاز سريع افضل 💋,positive,talbat,17,0.9679068922996521
جميييييييييييل,positive,talbat,14,0.9406052231788635
هو بيوصل الجيزه,negative,talbat,15,0.3953603208065033
راااااائع جدا,positive,talbat,13,0.9683085680007935
افضل موقع طلابات,positive,talbat,16,0.9703330993652344
ماينزل,positive,talbat,6,0.6282591819763184
جميل بس مش عايز يشتغل,positive,talbat,21,0.61451655626297
ليه مفيش خطوط من الفيوم للقاهرة بشكل يومي او لأكتوبر,negative,swvl,52,0.49252933263778687
ممتاز جدا بس منذ فترة طويله لم اتلقى اى تخفيضات والسبب لم اعرف,positive,swvl,62,0.8231931328773499
وصلو لبيتي ونفس الطعم الي اخذت منه ومافي اي عيب في البرنامج,positive,talbat,59,0.8704913854598999
سئ جدددددددددددددددددددددا,negative,talbat,26,0.9784460067749023
البرنامج مره حلو انا من الدمام من اطلب يوصل بسرعه,positive,talbat,49,0.9698624610900879
شكرا لكم حقا خدمة متميزة لعملاء بنك مصر,positive,telecom_egypt,39,0.9685803651809692
سيئ و اﻻسباب دون اي تجني . اوﻻ نزلت التطبيق وطلبت منه اول مرة؛ حلو يتصل بك خدمة العمﻻء التابع للتطبيق للتأكد من المعلومات و البيانات الخاصة بالمستخدم و بعدين المطعم اللي انت طلبت منه للتأكد تمام لكن وقت استﻻم الطلب ياخذ له اكثر من ساعه و نص . ثانيا طلبت في اللي بعده انتظرت اكثر من ثﻻث ساعات قسم بالله ثﻻث ساعات و فوق كذه استلمت طلبي بارد و ماهو نفس الطلب و المطعم غير المطعم اللي طلبت منه طلبي . وعند اﻻتصال بخدمة العمﻻء المباشر اتصل الموظف لكي يتأسف عن الخطأ الغير مقصود بس بعد ايش بعد خراب مالطة  .,negative,talbat,501,0.9847974181175232
تضامن مع الكباتن نجمة وحدة اسوء الشركات,negative,talbat,39,0.9822703003883362
البرنامج روعه انصحكم انكم تنزلونه,positive,talbat,33,0.9698213934898376
دايما ما عندهم فكة ما يرجعوا الباقي 🤣,positive,talbat,37,0.6282142996788025
شي اسطووري,positive,talbat,10,0.9594717621803284
جميل جميل جدا جدا,positive,telecom_egypt,17,0.963043749332428
اجمل برنامج في العالم العربي ولله يسحق خمسه مليون نجمه,positive,talbat,54,0.9578840136528015
صار مرتب واسهل,positive,talbat,14,0.9290074110031128
"الله يلعنكم يا كلاب استغفر الله لا أحد ينزل التطبيق والله سنه عشان يجي 
الطلب اول مره و آخر مره يا كلاب تفي عليكم",negative,talbat,113,0.9743862152099609
Good gop,positive,swvl,8,0.9497950673103333
شبعنا,positive,talbat,5,0.6433382630348206
مع اني ما بستخدموا بس عشان ظلمهم لموظفينهم مقاطع طلبات وابوطلبات ورح احذف التطبيق,negative,talbat,81,0.9636157155036926
موقع المنزل لدي لا يصل خدمة طلبات يرجى تحديث خارطة الطلبات وتوسعته,positive,talbat,66,0.5311862826347351
موقع سيء جدا لا عارف اتواصل مع السائق ولا الاداره ولا اتابع الاوردر وللخدمه سيئة و الاوردر متأخر جدا,negative,talbat,100,0.9869863390922546
ليش توصيل بطي,neutral,talbat,13,0.8996838331222534
هفمةزكا,negative,swvl,7,0.804877758026123
برنامج اروع منه مافي وسعل الاستعمال,positive,talbat,35,0.9704403877258301
تطبيق ممتاز بس لو ما يحطوا حد ادنى بيكون أفضل,positive,talbat,45,0.7537373304367065
أنصح أن تحملوها,positive,talbat,15,0.8839970827102661
لا يوجد خدمه عملاء ابلكيشن زفت يتم الغاء الاوردر دون الرجوع للعميل,negative,talbat,66,0.9842681288719177
ممممممتتتتتتتااااااازززززززز,positive,talbat,28,0.948999285697937
واااو,positive,talbat,5,0.7637556195259094
اتفو,negative,telecom_egypt,4,0.9174174070358276
تطبيق جيد جدا,positive,telecom_egypt,13,0.9612685441970825
بحاجة الى تحسين الخدمة مع المطاعم عشان فى تأخير كتير فى معظم المطاعم...,positive,talbat,71,0.8663046360015869
ممتاز 👍🏻👍🏻,positive,talbat,10,0.9492101073265076
سوفل... يحترم,positive,swvl,13,0.8546823263168335
تطبيق جدا ممتاز وسهل وخدمات ممتازه,positive,talbat,34,0.9739133715629578
راية,positive,talbat,4,0.592266857624054
التطبيق مش بيفتح ايه الخدمة السيئه دى تقيم صفر,negative,telecom_egypt,46,0.9755423665046692
تاخير في التوصيل عن الوقت المتوقع كثيرا، اصلا من الغيت تنزيل البرنامح نزلت ٥ كيلو,negative,talbat,81,0.5569362044334412
ان التطبيق رائعة ولكن عندما ادخله تاتيني شاشة برتقالية او انا بقول انو رائعة لاني شاهدة الاعلان من خلال التلفاز وشكرا😍 و ارجوا ان ترودوا على تعليقي😍😍😍😍😍😍😍😍😍😍,positive,talbat,157,0.5320571064949036
تطبيق جيد جدااااا❤😘,positive,talbat,19,0.9578965902328491
مجموعه لا تمت للواقع بصله حيث ان المواقع المتاحه باي مكان تابع لطلعت مصطفي باهظه الثمن جدا ولا تساعد المستثمرين الشباب اطلاقا انما تساعد الفئات الفوق غنيه معامله سيئه من اداره التواصل الخاصه بهم,negative,TMG,194,0.9868161082267761
بجربه واول,positive,talbat,10,0.9605202078819275
اكتر من رائع شكراا جداا للقائمين على العمل,positive,talbat,42,0.9700561165809631
ممتاز وعروض ممتازة,positive,talbat,18,0.9568724632263184
أول مره اجربه,positive,swvl,13,0.8683943748474121
Very confortable,positive,swvl,16,0.5419971942901611
الصراحه. فيه غش تجاري مكتوب خصم 50% يوم طلبت ياني الاكل نص الصحن النص الثاني فاضي مو اول مره استوتلي مرتين وفيه مره طلبت شورمه لحم وصلني دياي و سعر شورمة اللحم أغلى من الدياي,negative,talbat,174,0.9792025685310364
أرجو العمل على إصلاح مشاكل التطبيق دائما هناك مشاكل في الإتصال بالشبكة!!,neutral,Raya,72,0.6431694030761719
خط السير متاح من العباسية للحي السابع م نصر؟؟,neutral,swvl,45,0.5757501125335693
تطبيق سيء مندوبين التوصيل نصابين وزعران ولما يكون الطلب مش عاجب المندوب بطلع مشكلة عشان ما يروح ويحول الطلب على مندوب ثاني مثل اليوم صار معي تأخير بالطلب لانه ثلاث مناديب لحتى وصلني الاكل بارد. ليش لانه الطلب بعيد فعلا حراميه,negative,talbat,225,0.986666738986969
مواصلة سريعه وجميله بس ياريت يبقا محطات الركوب والنزول اكتر وداخلية لسهولة الوصول وعدم ركوب مواصلة اخري,positive,swvl,103,0.62275630235672
برنامج اكثر من رائع .. جميع الخيارات متاحه وسهولة التواصل والطلب .. شكرا جزيلا لكل من ساهم بالبرنامج,positive,talbat,100,0.9718883037567139
التطبيق جيد جدأ,positive,talbat,15,0.9414195418357849
يوجد حظر لبعض المناطق عن المطاعم خدمة غير شاملة لجميع المناطق ع الرغم المسافة قصيرة أسوء تطبيق,negative,talbat,94,0.9871580004692078
شارع العباس,positive,talbat,11,0.6620995998382568
معامله سيئه جدا,negative,talbat,15,0.9820352792739868
انتو بتوصلو فين لما انتو مبتوصلوش كل مااطلب حاجه,negative,talbat,48,0.8967036604881287
كود جالي ٤ مرات برنامج مو عاوز يفتح شكرا لتعبكم من اولها مشاكل,negative,swvl,62,0.761664628982544
رااائع وسريع,positive,talbat,12,0.9670025706291199
ليش ألغيتو تتبع الطلب ؟؟؟؟؟؟؟؟؟؟؟؟؟؟؟؟؟؟؟,negative,talbat,41,0.7445918321609497
جميل ورائع وعظيم,positive,talbat,16,0.9638610482215881
ممتااااااز,positive,talbat,10,0.9699398279190063
🌟🌟🌟,positive,talbat,3,0.7372616529464722
ةة,positive,talbat,2,0.6042113900184631
جيد جدا,positive,Ezz Steel,7,0.8359017372131348
مش راضي يفتح,positive,talbat,12,0.857799232006073
اطلب منه دائما واحب ذالك,positive,talbat,24,0.9210023283958435
لا تعليق,negative,swvl,8,0.6495518684387207
سمنت بسبه هذا التطبيق,positive,talbat,21,0.6902934312820435
لايوجد توصيل في المكان الذي اريده,negative,talbat,33,0.8010822534561157
رأت,positive,talbat,3,0.6975815296173096
دلوقتي البرنامج مش شغال علي اندرويد11 فرجاء من القائمين علي البرنامج ايجاد حل ويكون سريعا,positive,telecom_egypt,89,0.8548033237457275
مش عارف ادخل على. التطبيق خااالص بقال. فتره و كل ما احلى ادخل رقم تلفون يقول. بعتنا رساله.بالباسورد مفيش حاجه بتيجي,negative,swvl,115,0.9390746355056763
روحو علي على اليوتيوب واكتب ازاي ازاي نعرف كلمه المرور تعرف كلمه المرور,positive,telecom_egypt,71,0.602302610874176
الان احب ان اطلبوا,positive,talbat,18,0.8201760649681091
تجربه رائعه جدآ تطبيق ممتاز,positive,swvl,27,0.9700939655303955
خدمه جميله ومريحه ويارت تكون فى استمرار وتوسع,positive,swvl,45,0.9703148603439331
برنامج الزباله من الاخر,negative,telecom_egypt,23,0.9027267098426819
يطلغ المطاعم بس الي فمنطقتك !!شالفايده,negative,talbat,38,0.44496771693229675
جميع,positive,telecom_egypt,4,0.763573169708252
حلو مررررررر,positive,talbat,12,0.9460452795028687
متميزز,positive,talbat,6,0.959820568561554
كيف الحال أرسل,positive,talbat,14,0.5538881421089172
The Best 👍,positive,talbat,10,0.9622372388839722
َوَكمَََوَوَوََََََََََََٓ,positive,talbat,26,0.737261950969696
ياي ي,positive,talbat,5,0.6347805261611938
جميل اللعبه جدا بس لم اجربها,neutral,talbat,28,0.9230363368988037
زى الخره ما بيشتغلش اساسا,negative,talbat,25,0.9602433443069458
فوق الامتياز,positive,talbat,12,0.9293855428695679
فخميين,positive,talbat,6,0.9458938837051392
التطبيق نصااااااب اخذ علي 82وألغاء الطلب وما رجعو ريال وتواصلت معهم ما يردون,negative,talbat,76,0.9757369756698608
مرررررررره حلو ١٠٠٠٠٠٠٠٠٠٠,positive,talbat,26,0.9523574113845825
الله يلعن اعلنتكم,negative,talbat,17,0.9643245339393616
بلاوي,positive,talbat,5,0.9258565902709961
تحديد الموقع سيئ جدا و بيعلق كتير,negative,talbat,33,0.9833991527557373
انترنت غير محدود فى مصر,negative,telecom_egypt,23,0.9767642617225647
طلبت و انخصم من حسابي ولم يتم تأكيد الطلب ولم يصلني شيء ! لو خيروني رح اختار الحمام الزاجل على هذا التطبيق البائس !,negative,talbat,115,0.9684514403343201
كانت نتيجه هايله فى الاول اما السنه الدراسيه دى المعامله من السوقين زى الزفت سواء فى مكالمات التليفون أو المعامله الشخصيه والنهاردا تانى رحله على تليفونى تفوتنى عشان مش عاوز بخدمة من اخر ش عين شمس وفوت عليا الرحله ويدفع فلوس على الفاضي ..حسبى الله ونعم الوكيل,negative,swvl,259,0.9219058156013489
كيف اعرف اديش معي نقاط وكيف اسنخدمهم,negative,talbat,36,0.46335718035697937
👏👏👏,positive,talbat,3,0.737261950969696
💋💋💋💋💋💋💋💋💋💋💋💋💋💋💋💋💋💋💋💋💋💋💋💋💋💋💋💋💋💋💋💋💋💋💋💋💋💋💋💋💋💋💋💋💋💋💋💋💋💋💋💋💋💋💋💋💋💋💋💓💋💋💋❤❤❤❤❤❤❤💋💋💋💋❤💙💙💙💋👅👅💓💔💔,positive,talbat,84,0.737261950969696
تطبيق عجيب ويوصل بوقته كل اهلي يطلبون منه رووووووعة,positive,talbat,51,0.9743218421936035
مو حلو x):(,positive,talbat,11,0.8921546339988708
برنامج سهل الاستخدام مره حبيييته,positive,talbat,32,0.9690154790878296
ا ي,positive,talbat,3,0.5997465252876282
Η ιδέα να ηξ,negative,talbat,12,0.6425110101699829
جلو,positive,swvl,3,0.621985137462616
جدا سيئ وحق التوصيل اخس 😐,negative,talbat,25,0.9805280566215515
كان نفسي احط 5 نجوم بس بصراحة نحتاج تفعيل بند التخفيضات لماذا كزبائن لا نجد معكم تخفيضات أو خدمات خاصة,positive,talbat,102,0.8049991726875305
راح امحي التطبيق من عندي لانا عملائو لا يجيدون الاحترام,negative,talbat,55,0.9728225469589233
وقفوا اعلانات الله ينكد عليكوا😒😑,negative,talbat,32,0.9717170596122742
بس مايتحمل بسرعة,positive,talbat,16,0.5973265767097473
تطبيق فااااااشل واعلاناتكو خررررره,negative,talbat,34,0.9820311069488525
ابلكشين زفت مش بيوصل في كل الاماكن زي ما قالوا,negative,talbat,46,0.9822278618812561
تم لغي خدمة ألغى الطلب وأجبارك على أنتظار,negative,talbat,41,0.9792146682739258
أفضل برنامج طلبات,positive,talbat,17,0.9728881120681763
اسعار التوصيل مقبولة. افضل من غيرهم بكثير,positive,talbat,41,0.8800646066665649
مش منيح لانو لازم معك بطاقا بنك,negative,talbat,31,0.9384112358093262
قبل كان البرنامج من احسن مايكون بس للاسف في الاونه الاخيره البرنامج فاشل بسبب عدم المتابعه للمطاعم في طور تنفيذ الطلب واضافة البرنامج مطاعم فاشله مثل كبابجي بتاخير الطلبات ومطعم روميه وطلبي من الساعه 1:30 ماوصل الطلب الا الساعه 4:00 وعيالي كل واحدالسانه وصل ركبته كن اليوع بس ماقول الا بلووووووك,negative,talbat,295,0.9750980734825134
تجربتي فيه طلبت أكل من مطعم وتفاجئت بعدها فيه أكله غير متوفرة من ضمن الطلب وتم خصم المبلغ ولم يتم إرجاع المبلغ😑,negative,talbat,111,0.9115760326385498
لا ااحتاجه,positive,swvl,10,0.6980751156806946
فاشل جدا ومحدود جدا ولا ليغطي اهم المناطق,negative,talbat,41,0.9832649827003479
توصيل امان المواعيد مضبوطه,positive,swvl,26,0.9507767558097839
تطبيق فاشل بستغل الكباتن #أرفعو اجور كباتن طلبات,negative,talbat,48,0.98488450050354
أفضل موقع توصيل و اني أحببت التطبيق الجميل و شكراً لكم على هادا التطبيق الجميل و يستحق أكثر من خمس انجوم و نحن نستخدم هادا الموقع و شكراً جزيلا😊😊,positive,talbat,145,0.9739643931388855
من فضلكم كل ما ادخل رقم تليفوني تيجلى رساله تقولى تم قطع الاتصال اعمل أي,positive,swvl,72,0.8764544725418091
افضل تطبيق في التعامل مع العميل,positive,talbat,31,0.9721222519874573
غالي على الفاضي,negative,talbat,15,0.8583803772926331
تحفه وبتعملو خصومات جميله❤,positive,talbat,26,0.9643691182136536
نجمه واحده وخساره فيكم تطبيق فاشل لا يقبل التسجيل كل مره ادخل رقم الهاتف والباسورد يعطيني تم ارسال الكود ولا يأتي كود ولا يتم التسجيل,negative,telecom_egypt,133,0.9838025569915771
التطبيق فعال ومريح جدا,positive,talbat,22,0.9623417854309082
العروض وهميه وخاصه عرض نصص حيث تضاعف المطاعم سعر الوجبة ليصبح سعرها مع العرض بنفس السعر العادي... لا اعلم ان كنتم كتطبيق تتابعون هذه الملاحظات وتسعون لحلها لأنها بالتأكيد تؤثر على سمعة و مصداقية تطبيقكم,negative,talbat,202,0.9539076089859009
جارى تجربته لان ناس شكروا فيه انا اعرفهم,positive,talbat,40,0.7994577884674072
موقع جميل ولاكن يوجد مشكله بسيطه التأخير في بعض الأحيان,positive,talbat,55,0.663794219493866
اريد أشارك لك هذا برنامج مغلق ما طاع يفتح عندي,positive,talbat,46,0.8697508573532104
الفكره حلوه تستحق التجربه بالتوافيق,positive,swvl,35,0.9584934115409851
والله والله حلو حلو مره يوسل للبيت,positive,talbat,34,0.9405457377433777
نتمنى التوصيل السريع للطلبات و الجديه في اخذ الطلب,neutral,talbat,50,0.7758054137229919
استخدمه دائماً,positive,talbat,14,0.6816799640655518
٩٩٠,positive,talbat,3,0.737261950969696
فاشل لا انصح بتحميله✋😷😷💩,negative,talbat,24,0.9793208837509155
الوقت الزمني للتوصيل مبالغ فيه ، ارجو اعاده النظر في مده التوصيل للعميل ..,neutral,talbat,74,0.8105955123901367
جيد جدا والطلبات بتوصل في اسرع وقت فعلا شكرا فريق عمل طلبات❤️,positive,talbat,61,0.9667028188705444
اهم شيء بطنك,positive,talbat,12,0.7585650682449341
عاوزه اشترك فالتطبيق .فبيقولي رقمك مربوط بحساب جوجل .ولما اعمل تسجيل الدخول بجوجل مش بيشترك ايه الحل,negative,swvl,100,0.8742576837539673
مافي توصيل للموقر👎,negative,talbat,18,0.8461016416549683
تاريييينننت,positive,swvl,11,0.8034873008728027
تطبيق زباله . اولا مليان مطاعم نصب و وحشه. الاكل جالك انت ونصيبك واضرب دماغك ف الاسفلت . لا يستحق التنزيل .زباله زباله زباله,negative,talbat,124,0.9846418499946594
تطبيق سيء جداً بالتعامل مع الناس. ومابوصلو الأوردر بيلغوه وبيتهمو العميل إنو هو اللي لغى الأوردر وعندهم كذب كتير عالمحلات والعملاء,negative,talbat,130,0.9860352277755737
لا يوجد توصيل ما بعد ساعه 12 بليل و كذلك مطعم ديمينوز للبيزا غير متوفر في برنامج 🤔,positive,talbat,82,0.879909098148346
خدمة التوصيل سريعة وكويسة👍👍,positive,talbat,27,0.9480515718460083
فاشل جدا جدا جدا,negative,talbat,16,0.976378858089447
نضافة وشياكة وأمن وأمان حاجة كده خمس نجوم,positive,TMG,41,0.9675774574279785
تطبيق جيد ولكن توجد مشكلة كبيرة وهى عدم السماح بتصوير الشاشة فعند دفع فواتير لأي جهة لا يكون معي مستند يثبت حقي فهذا يعتبر عرقلة منكم وتسبب في ضياع حق العميل حيث أنكم المفروض أن تيسروا هذه الخاصية وهى تصوير الشاشة حفاظا على حق العملاء بدلاً من أن تكونوا سبب ضياع الحقوق,positive,telecom_egypt,269,0.8801055550575256
محتااااالين.... لازم تسمو التطبيق زبايل المطاعم... اتقو الله الف مرة عملنا شكوى ع اشي فاضي..... كل الاكل اللي بيجينا منكم عبارة عن زبالة....,negative,talbat,140,0.9774984121322632
أنها فعال وجدا رائع,positive,talbat,19,0.9671319723129272
اسف مش فاهمه لانه انجلش برجاء تدعيم الغه العربيه,neutral,swvl,48,0.7343593835830688
خخحكمظظمنه‍,neutral,talbat,11,0.5480558276176453
رائع جدا ااااااا,positive,talbat,16,0.9699794054031372
مصداقية في التعامل,positive,swvl,18,0.9615781903266907
الخدمة سيئة,negative,talbat,11,0.9838379621505737
تطبيق زباله و ضعيف,negative,telecom_egypt,18,0.9854245781898499
يساعد ويسهل عمليه البحث السريع,positive,talbat,30,0.9441506862640381
اتواصلوا معي يا حراميه ..مشغلين سائقين حراميه..سرقوا الموبايل من إيدي وباقي المبلغ.وفر هاربا..اسمه فارس الصياد..ياعالم يا حراميه,negative,talbat,128,0.9705713987350464
ممتاز ويفك ازمه,positive,talbat,15,0.9582539796829224
برنامج سيء جدا جدا لم يظهر لي بحث مطعم مطلوب,negative,talbat,44,0.9856643676757812
زنخم,negative,telecom_egypt,4,0.5508733987808228
للأسف التطبيق لايعمل.. وسأقوم برفع دعوى قضائية وساطالب بتعويض مادى نتيجة للاضرار التى لحقت بى.. وكن يعانى نفس المشكلة مثلما هو واضح يجب الا يسكت.. دى مهزلة لايجب السكوت عليها,negative,telecom_egypt,174,0.9788090586662292
تطبيق رائع وكل مره اطلب منه,positive,talbat,27,0.9721401333808899
ولله انه هذأ التطبيق روعة ويستاهل خمس تجوم,positive,talbat,42,0.972578227519989
افضل تطبيق للمطاعم من تجربة,positive,talbat,27,0.9694756269454956
من أحقر و أسفل التطبيقات تستخدم عملها كوسيط بين المتجر و العميل و تأخذ نسبة من المتجر عالية و تأخذ من الي سائقون لديها، رسوم عالية اتمنى ان لا تبقى هكذا مشاريع فيروسية و بكتيرية مقيتة,negative,talbat,183,0.9798074960708618
انصح الجميع بعدم التعامل مع هذا التطبيق الفاشل اخدت كوبون تخفيض وبعد تنفيذ الطلب لم يخصم شيء شغل نصب ياريت يكون في مصدقيه يا عالم نصابه,negative,talbat,135,0.980991542339325
سناب,positive,talbat,4,0.7086467742919922
رائع... يسهلك،الحياة، 😺😺😺,positive,talbat,25,0.9633311629295349
.ًزًز.ًًزً.م.ً.زً..زز.ز....ًنم.مژظًًزًز.ًزًز.مً....ًزً.ز.ژز.ز,positive,swvl,61,0.48090362548828125
جيد ولكن بعض المطاعم لا تتعاون بالشكل المطلوب او موظفي المطاعم,negative,talbat,62,0.7387673258781433
نتمنى المزيد من المطاعم و ايضاً مطاعم تعمل في أوقات اليل بعد الساعة 3 فجراً,neutral,talbat,75,0.5342375636100769
.٥,neutral,talbat,2,0.7252941131591797
ضيفو الخوض القديمه اليوم 😡,negative,talbat,26,0.7677301168441772
يوجد مشكله في التحديث الجديد وهي عدم التسبيت علي الهاتف نرجو الافاده,positive,talbat,68,0.4707276523113251
ابلكيشن زباله طلبت اوردر ولحد دلوقتى مجاش من يوم ٢٨/٢/٢٠٢١,negative,Raya,58,0.9825952053070068
برنامج را ئع,positive,talbat,12,0.9714476466178894
مدينه جميله جدا متكامله ... بس تعقيدات فى اى تعامل مع الاداره .. تكره كل شئ,positive,TMG,75,0.5855951309204102
الخانسة,negative,talbat,7,0.6435683965682983
تقدر تقرا المنيو عل كيفك,positive,talbat,24,0.7369570136070251
سهوله في الطلب ابداع وسرعه بالتوفيق👍🌹,positive,talbat,37,0.9692145586013794
ممن,positive,talbat,3,0.8075132966041565
كيف الاستخدام,neutral,talbat,13,0.5127031803131104
اين ماكدونالذ ؟,positive,talbat,15,0.6595003008842468
تأخير في توصيل ، ارسال الطلب لأماكن بعيد ولازم تطلب من جديد شيء سخيف,negative,talbat,68,0.9771621823310852
واو!!!!!!!,positive,talbat,10,0.9239475131034851
يمي يمي,positive,talbat,7,0.9418546557426453
ن ص ب,negative,talbat,5,0.5272811055183411
برنامج طلبات كان حلو الحين استوا زباله كل المطاعم غالي في التوصيل اتمانه اصلح وتخفيض سعر التوصيل,negative,talbat,96,0.9855349063873291
ممكن تعملو فى مصر,positive,talbat,17,0.5001774430274963
كوبونات وهميه واداره فاشله للتسويق وتحميل الابلكيشن ومفيش خصومات وكله ضحك عشان بس تزودوا عدد التحميل للابلكيشن . تجربه سئيه وشركه سيئه .. جدا,negative,talbat,141,0.9871683120727539
جبااااااااااار قووووووي نااااااار,positive,talbat,33,0.9034886956214905
روووعه والاسعار جميله اشگركم فعلا,positive,talbat,33,0.9649815559387207
هو زين بس التوصيل غالي,positive,talbat,22,0.7766170501708984
اضيفوني على السناب حسابي هو Alolyan6,positive,talbat,36,0.47502806782722473
منقذذي دايماً وابداً طلباااات دوت كوم♡♡♡👍,positive,talbat,41,0.9096399545669556
I loveo Tha Talabat,positive,talbat,19,0.9512691497802734
لما كنت اطلب كنتو تطبقو الملاحظات إلى كنت اكتبها بس هلا لا للأسف قبل كنتو أفضل بكتير 👎👎👎👎,negative,talbat,89,0.5107872486114502
جيظ,positive,telecom_egypt,3,0.6859638690948486
يسهل الطلبات لدي شكرا طلبات,positive,talbat,27,0.9571840763092041
تطبيق زباله ساعتين بالطلب وما أجا وغير انه التطبيق بعلق يوم ونص وانا بحاول اطلب,negative,talbat,79,0.9840927124023438
الحلى,positive,talbat,5,0.6487253904342651
والله احسن تطبيق الله يعطيهوم عافيه و اذا كان اكثر من 5نجوم كنت رح اعطي اكثر انسحكوم تنزلو❤❤👌👌,positive,talbat,94,0.9694087505340576
ماكدونالدز دايم مشغول وش الفائدة أنا حملت البرنامج عشانه,positive,talbat,56,0.6980236768722534
سيء للغاية في تعامله مع الكباتن,negative,talbat,31,0.9846599698066711
لا يوجد مطعم كثيره,negative,talbat,18,0.7319470643997192
سيء جدا,negative,nestle,7,0.9820765256881714
برنامج زباله ما بيشتغل نهائى ما يستاهل نجمه واحده,negative,swvl,49,0.9847538471221924
انه تطبيق رووعه,positive,talbat,15,0.9706724882125854
انا في منطقه عسير ما فيه إلى طلب واحد,neutral,talbat,37,0.7206149101257324
جيد التطبيق في المواعيد,positive,talbat,23,0.6487783193588257
تعامل ممتاز,positive,talbat,11,0.9585581421852112
الصفا,positive,talbat,5,0.6478641629219055
شكرا لكم على خدماتكم,positive,talbat,20,0.9529744386672974
صاير معاملتهم زبالة وارتفاع في الاسعار مطعام مرة ونص داخل تطبيق وسعر توصيل عالي,negative,talbat,79,0.9847036600112915
انا احبه من كل ما يتعلق ب ا مجموعة من هذه المشاركة,positive,talbat,50,0.9521819949150085
الطلبات منه بتكون سريعة,positive,talbat,23,0.8944568634033203
الطعم لذيذ والعروضات جميله,positive,talbat,26,0.9522475004196167
برنامج مفيد.,positive,talbat,12,0.9500666856765747
اكثر من الروعة,positive,talbat,14,0.9668139815330505
فاشل و ما عندكم مصداقية👎,negative,talbat,24,0.982723593711853
معظم المطاعم يتعذر التوصيل لها,negative,talbat,30,0.8192280530929565
خدمة سيئة جدا وغير ملتزمين وغير محترفين .. تجربة سيئة جديدة اليوم !!,negative,swvl,68,0.9859023094177246
ممتاز فى التعامل وفى توزيع الاقساط,positive,Raya,34,0.9645752310752869
لزيز جدا,positive,talbat,8,0.9496526122093201
مرحبا بجيني قسائم خصم وما بستفيد منها لانه بس أجهز الطلبات بطلب رمز القسيمة وما بكون موجود بطلب مساعده كيف احصل ع الرمز الرجاء الرد,positive,talbat,131,0.6141707897186279
أنصح بتحميله,positive,talbat,12,0.945403516292572
ناجحه,positive,talbat,5,0.927493691444397
تطبيق رائع وخدمه ممتازه,positive,talbat,23,0.9710758924484253
روعههه,positive,talbat,6,0.9614531993865967
Big thanks to the maker,positive,talbat,23,0.9263653755187988
خساره فيه نجمه كذبيين مافيه بقايل,negative,talbat,33,0.9737966656684875
حاجه ممتازه جدا بصراحه,positive,talbat,22,0.9669589996337891
التطبيق حيل كلو ما شاء الله الله يبارك,positive,talbat,38,0.9597356915473938
انا زهقت واتخنقت مية مرة احاول اسجل على التطبيق مش راضي يقبل ومش عارف المشكلة ف ايه تحديدا ياريت حد من خدمة العملاء يتواصل معايا,negative,telecom_egypt,128,0.9067140221595764
جربت الطلب من 4 مطاعم مختلفه وكانت خدمة أكثر من رائعة,positive,talbat,53,0.9565324783325195
بس مشكلتهم التوصيل في أغلب المطاعم يوصل متأخر,positive,talbat,45,0.6960780620574951
😉😉,positive,talbat,2,0.737261950969696
بس المبلغ حد اقسه 100 ليش اذا يبي واحد بس يشتري ايش يسوي,positive,talbat,56,0.5600212216377258
روعة,positive,talbat,4,0.9534709453582764
تطبيق جميل جداً شال هم السواقه والافضل من نوعه في التطبيقات👍👍👍👍👍👍,positive,talbat,65,0.9721636772155762
خلى مطاعم كونت اتمنى توصلي وصارت توصلي,positive,talbat,38,0.5408417582511902
حلو روعة الجمال,positive,talbat,15,0.9535176753997803
سريع ومضبوط بالمواعيد,positive,talbat,21,0.9320642352104187
احبه اكثر من هنقرستيشن بس ياليت توفرون مطاعم اكثر 😻,positive,talbat,51,0.8646278381347656
رهيب مرا,positive,talbat,8,0.9571220278739929
افضل تطبيق لطلب اكثر من ٧٥ مطعم,positive,talbat,31,0.9717059135437012
لَم يَتني الرمز الخاص بي علا الرسائل,neutral,talbat,36,0.5175570249557495
أنا زبون عندكم تقريبا من اول ما فتحتم لاكن تضحكو على شباب التوصيل ما رح نكون شركاء معكم لهيك نجمه ولو في اقل حطينا ما رح نرجع نستخدم تطبيقكم,negative,talbat,140,0.9684308171272278
للان ماشفت اي تجربة سيئة مع التطبيق الحمد الله لي اكثر كن ٥ سنوات استخدمه,positive,talbat,73,0.47695282101631165
مصري فشخ يعني التاتش بتاع المصري وعدم ادراكه,negative,telecom_egypt,44,0.9685497879981995
السلام عليكم مطعم حلو الاكل شوي رخيص ١٠٠ ريال تجيب اي شيء تبيه بصراحه لكن مشكلتهم التأخير كل يوم واحد في شكل  لكن أقوالهم الله يرزقكم ويوفقكم يارب  اليوم انا ٨٩ جبت عشاء كامل  انا الهندي المصري البحري ٣٥٠ ريال ولا شيء شربه ٢٥ ريال لازم يحطون المبلغ تزود انا سعودي ونعم فيهم حطين لك على قدك ٢٥ ريال بصراحه كفووووووو والله,positive,talbat,320,0.6205980777740479
مو حلو الي في مدينه منوره ما يا طلع شي,negative,talbat,38,0.9455048441886902
تطبيق جدا سيء وبصير فيه عمليات نصب خدمة العملاء غير متعاونة ابدا (طلبت اوردر وكان يوجد قسيمة خصم وتم تاكيد من التطبيق انو حدث خصم ولما وصل الاوردر الكبتن قلي ما في اي خصم او كود وتواصلت مع خدمة العملاء ولم ييتجيبو لشكوة ),negative,talbat,221,0.98613041639328
ممتاز يفك الازمات احنا ك طالبات اغلب الوقت نطلب من طلبات وكل شي تمام التوصيل و الخدمه و بعد يسولنا مرات ورد و حلاوه لان دايم نطلب ههخ وفي مرات تصير مشاكل فالطلب او التوصيل و يتم تعويض سعر الوجبه او وجبه مجانا👏🇴🇲,positive,talbat,211,0.9367932677268982
ماقدر اغير اللغه,negative,talbat,16,0.5025180578231812
مع الشعبب,negative,talbat,9,0.48899826407432556
جميل جددااا,positive,talbat,11,0.9507543444633484
افضل برنامج وأسرع برنامج وافشل تطبيق كل ما بغيت اطلب كله شي مشغول طالب من ساعه ٩ يوصل طلبك ساعه ١٢,positive,talbat,98,0.9398420453071594
حسبي الله ونعم الوكيل عليكم ياجماعه انصحكم بعدم تنزيله اختي واهلي تسممو من الاكل والتعامل سئ والان هم بالمستشفى اسأل الله الشفاء العاجل لهم,negative,talbat,139,0.9787424802780151
هناك بعض المطاعم لابد من إلغاء التعامل معها مثل مطعم اسماك الارزاق بالله بسبب سوء المطاعم وعدم نظافته,neutral,talbat,101,0.836220920085907
وه,positive,swvl,2,0.6991980075836182
موقع جبار❣,positive,talbat,10,0.8247287273406982
توصيل يأخذ 3 ساعات,negative,talbat,18,0.8716729879379272
خدمات ممتازه جدا وأكثر السائقين على خلق ممتاز,positive,swvl,45,0.9724791646003723
انا نزلت التطبيق بس مفيش عربيات بتروح مدينه العاشر من رمضان خالص عندكو ولا ايه انا كل يوم بروح مدينه العاشر من رمضان الساعه ٧ صباحآ,negative,swvl,131,0.8708049654960632
٠٠٠,positive,telecom_egypt,3,0.737261950969696
سيئه تجربه اكثر من سئه اخذو فلوسي والغو الطلب ولا رضيو يرجعوها والمطعم كذب انتها التعاقد مع البرنامج بس البرنامج مازال يستقبل طلبات ويسحب الفلوس ويلغي الطلب,negative,talbat,156,0.9849919676780701
زي الزفت اول ما حملته جالي عرض خصم كل اما ادخل القسيمة يقولي غير مسموح,negative,talbat,70,0.9724932312965393
اروع وارقى شركه توصيل وان شالله راح تكون عالميه,positive,talbat,47,0.9717460870742798
اقسم بالله العلى العظيم انت اسوا شركة مطلعين عين ام الواحد مع الكابتن مش عرافين الطريق وبيتاخرو واسلوبهم وحش ومطلعين كام مودونيه علينا ايه ده حسبي الله,negative,swvl,151,0.9804256558418274
حلوه مره كل الي اطلبوا بعد ساعة أو ساعتين يدقون الباب وافتح وطلب الي الطلب الي طلبته يجي بدو ن اي كلام حلوووووووووو😘😍,positive,talbat,117,0.921098530292511
ككككطكككططككخطدككككككگكككگككگكككگككگكككككگكككككككككككككگكككگككككككككككككككككككككككككككككككددك,neutral,swvl,93,0.737261950969696
حلو اتطبيق انصحكم فيه,positive,talbat,21,0.9642190933227539
ازبل تطبيق لما تحط رقم ما بوصل كود,negative,talbat,34,0.9620764255523682
بعد التحديث صار فاشل مايفتح 👎,negative,talbat,29,0.9560673832893372
اكثر من رائع,positive,hilton,12,0.9645668268203735
مباراة,positive,telecom_egypt,6,0.6163854002952576
تجربه سيئه جدا ..اوردر وصل غلط اصلا وفلوس مرجعتش ومن ٢ونص الضهر ل ٩ بليل مماطله وكلام فاضي,negative,talbat,90,0.9867256879806519
مره حلو   عجبني ويوصل اطلب في وقته ميتاخر,positive,talbat,41,0.963968813419342
روووووعه ولا ارووووع,positive,talbat,20,0.9622156023979187
شركه نصابة طلبت وصلني الطلب ناقص وحكيت مع الف موظف كل واحد بيحكي شكل حسبي الله عليكو,negative,talbat,84,0.9832232594490051
احسن تطبيق شفته,positive,talbat,15,0.9700446128845215
يرجى اضافه بقيه المطاعم مثل مطعم حسنى ومطعم جاد,positive,talbat,47,0.842963695526123
لو فيه عماله يمنيين سوريين احسن   الهنود والمصاريه  ما يتفاهمو مع الزبون,negative,talbat,72,0.7422534227371216
أسوء تجربة كانت بالأمس وطلبت الرحلة وتم حجز المقعد واتصلت هاتفيا بالكابتن فرد عليا وقال انا ما اعرفه الشركة هيه الي لتوضع خط السير فتواصلت مع الشركة وانا واقف منتظر بالشارع مدة 55دقيقة في عز الشمس ولا الكابتن عاوز يرد ولا خدمة العملاء عاوزة ترد لدرجة أنني كرهت نفسي وكرهت سويفل ومرها الذي طال حلقي من طيلة الأنتظار والبرنامج الفاشل الي بيوهمني إن الكابتن جاي عليا مع كلمة تتبع الرحلة والله بيضحكوا علينا فعلا,negative,swvl,408,0.9825757741928101
سيئ جدا جدا جدا,negative,talbat,15,0.9811573624610901
شركه فاشله ونصابين وكلمت خدمه العملاء وما فيش حل حجزت رحله غصبا عني وعاوزين يخليني ادفع ثمنها وانا ما طلعتهاش المفروض يبقى في غرامه مش ثمن التذكره,positive,swvl,146,0.9855430126190186
تطبيق سيء للغايه مافي مصداقيه بالاسعار ولا هناك متابعه للزبائن ولا لشكواهم تقيمي أقل من نجمه,negative,talbat,92,0.9863561391830444
م بوصل اكل سخن,negative,talbat,14,0.5890380144119263
تطبيق خدوم َ مفيد,positive,talbat,17,0.9712543487548828
معفن  اسوء برنامج,negative,talbat,17,0.9754140973091125
الرجاء اضافت المزيد من المطاعم,negative,talbat,30,0.8331212401390076
المشكلة انو الاكل بشهي😋😋😋😋😋😋,positive,talbat,28,0.5804182291030884
الحلاوة انه مفيش عمولة زي باقي التطبيقات,positive,telecom_egypt,40,0.5519975423812866
أسلوب سئ في التعامل من مندوبين التوصيل,negative,talbat,38,0.9856536984443665
ساعتين غير قابل يتحمل,negative,talbat,21,0.9572762846946716
الحمد لله على كل حال وفي كل حين,positive,talbat,31,0.951695442199707
great.. رائع,positive,talbat,12,0.9587703943252563
تطبيق زفت وشركه كاذبه,negative,talbat,21,0.984495222568512
الحقيقة، انني فعلاً استفدت من هذا البرنامج للطلب الفوري والشامل والسهل من غير ان تتصل عليهم ورصيدك يروح على الفاضي 😂😂🤣🤣🤣🤣👌👍.,positive,talbat,124,0.9031370878219604
خدمة العملاء سيئه جدا، في موظف رد علي بكل بجاحه وخلاني استنى ٢٠ دقيقة في الاخر سكر المحادثة لا وكاتب بناء على طلب العميل تم انهاء المحادثة,negative,talbat,138,0.9859778881072998
مو ممتاز لأن ما فيه كل المطاعم,neutral,talbat,30,0.8757268190383911
مررررررة رائع,positive,talbat,13,0.9660292863845825
عماد متعب,positive,talbat,9,0.47305601835250854
روعه 👍🥰,positive,talbat,7,0.9640747308731079
زبالة يا اخو الشرموطة بس نزلتة لاجل الشيل العلامة المائية تفووووه ع اختك,negative,talbat,72,0.9679254293441772
فهودجمالي,negative,talbat,9,0.8107160329818726
ليش موجود معرض إكسبور تبع الشياطين,negative,talbat,34,0.7501062154769897
تحت التجربه,positive,telecom_egypt,11,0.5521141290664673
تحفة ❤️,positive,talbat,7,0.962695837020874
جدا واو واو,positive,talbat,11,0.9667543768882751
بس تعامل المطاعم زفت لدرجه اني شرحت وصف البيت 5 مرات اخر شي كنسلت الطلب,positive,talbat,71,0.453946977853775
برنامج ممتاز جدا ويكفي كل احتياجاتي,positive,telecom_egypt,35,0.9726582169532776
ناجح بجداره🌸🥰,positive,talbat,13,0.9543712139129639
طلبت اوردر سريع بعد نص ساعه بعتولي رساله نأسف لم نتمكن من تلبية طلبك منكم لله كان عندي ضيوف😡😭,negative,talbat,93,0.8907438516616821
فاااااشلين بمعنى الكلمه وحذف ناري.,negative,talbat,34,0.9708250761032104
بس المشكل الوقت,positive,talbat,15,0.583810567855835
لذيذ وجميل,positive,talbat,10,0.9382634162902832
سيئ طلبت اكل ما وصل لا والموظف يقلي ما سويت طلب مع انه ارسلولي رمز التأكيد للاسف فاشل,negative,talbat,85,0.9839318990707397
يحافظ على مستواه يجيد التعامل مع العملاء يهتم بفحص شكاوى عملاءه وحلها سريعا,positive,swvl,75,0.9517658352851868
زيادة المطاعم و الالتزام بوقت التوصيل,positive,talbat,37,0.7848451137542725
😍😍😍😍😍😍😍😍😍😍😍😍😍😍😍😍😍😍😍😍😍😍😍😍😍😍😍😍😍😍😍😍😍😍😍😍😍😍😍😍😍😍😍😍😍😍😍😍,negative,talbat,48,0.7372616529464722
حراميه أعطو الكباتن حقهم,negative,talbat,24,0.9796870946884155
اتمنى من كل قلبي إضافة بلدان أخرى مثل مصر,neutral,talbat,41,0.6463338136672974
سئ جدا كل مرة بيتعذر التوصيل,negative,talbat,28,0.9854163527488708
ممتاز جدا والمواعيد مظبوطه جدا,positive,swvl,30,0.9670835137367249
جدكتير منيح,positive,talbat,11,0.9579726457595825
محترمين,positive,talbat,7,0.9520359635353088
اطلق موقع لطلب رهييب بقوه 😋,positive,talbat,27,0.8671448826789856
بعد ازنكم هزه التطبييق وصل اوردر لي ساتي استار والمندوب سرق الشنطه بتعتي اسمو مصطفي امين مصطفي وهما مش عوزين يفيدوني بحاجه اعمل اي,negative,talbat,130,0.9419297575950623
ياريت يكون فى اسكرين او خدمة الطباعة,neutral,telecom_egypt,36,0.7055400609970093
ما شاء الله خدمه ممتازه وعن تجربه وأنصح بها الجميع,positive,talbat,50,0.9674195647239685
تطبيق رهيب بس مرات يتأخر بالتوصيل.,positive,talbat,34,0.8252671360969543
لا يوجد توصيل,negative,talbat,13,0.9010902047157288
للأسف الموقع ما ينصف لك حقك كزبون خدمة المساعدة فاشلة 👎 طلبت المحادثة المباشرة ثلاث مرات و تم إنهاء المحادثة في وجهي قبل ما أعرض المشكلة اللي عندي,negative,talbat,146,0.9851260185241699
لا يدعم كل المناطق الجغرافية تطبيق فااااشل فااااشل زفت زفت زفت,negative,talbat,62,0.9854474067687988
متى سيصل,positive,talbat,8,0.46385428309440613
رائع جداا,positive,swvl,9,0.9654322266578674
مشاكل واجد ياخي متعب,negative,talbat,20,0.8571628332138062
ناس محترمين جداً,positive,swvl,16,0.9659597277641296
اطلب واستمتع بالمطاعم النظيفه والممتازه,positive,talbat,39,0.9445395469665527
ذضضض*+/,positive,swvl,7,0.4832083582878113
افضل شي بلاتكذيب,positive,talbat,16,0.9661507606506348
هل بأخذ فلوس على التوصيل؟؟؟؟ ارجو الرد,positive,talbat,38,0.49891138076782227
مش مررره واو لأنه مو موجود فيه كل المطاعم والمنطقة اللي احنا فيها فيها مطاعم كثيره وانا ما احس انه يطول يعني معقول وبس,neutral,talbat,118,0.6698976159095764
خدمه ممتازه و مواعيد مظبوطه استمرو,positive,swvl,34,0.9696021676063538
عندي مشكله بقاله فتره في الابلكيشن وبعت اميل وكلمت خدمه الشات وكل ده هل في رقم لتواصل,negative,talbat,85,0.6523711085319519
روعه . خطير مره,positive,talbat,15,0.9627477526664734
حسنت,positive,swvl,4,0.7500783205032349
برنامج فاشل مافيه عروض تستاحل انك تحمله انا بحذفه,negative,talbat,49,0.9845826625823975
جميل وما نستغني عن طلبات,positive,talbat,24,0.9406723976135254
جمييل,positive,talbat,5,0.9551275372505188
طلبت من الساعه سبعه الصباح وا دقو للتاكيد بعدين معاد دقو سحبو علي فاشل,negative,talbat,70,0.9808875322341919
تطبيق متميز جدأ في خدمات التوصيل، السرعة في التوصيل، وغيرها من أمور جميلة.,positive,talbat,74,0.971187174320221
احلى علاج الفقرات كده وما تطبيق شفته في حياتي احلى رجاله بتوصل لك حاجات وبتعمل يا حبايب قلبي احبكم من كل قلبي يا احلى رجاله واحلى كل الناس حبايب قلبي من كل قلبي بحبكم انتم احلى رجاله واحلى ناس بحبكم جدا طول نازلين احلى تطبيق بسم الله ما شاء الله يا احلى رجاله حبايب قلبي,negative,talbat,270,0.9410417675971985
أحسن طلبات فل عالم ولا خلطه بس عندي أقتراح يضيفون خريطة لسايق فقط 😁,positive,talbat,67,0.9447563886642456
ممتازه في خدمه,positive,talbat,14,0.9646764993667603
حلوو التطبيق لكن في مشكله لو تسوون نطلب اكثر من متجر ف وقت واحد يكون فلوس التوصيل واحد 🤍,positive,talbat,88,0.7500158548355103
تطبيق سيئ جدا ولا يحترم العملاء والتطبيق لايخدم سوى مصالح أصحابه فقط وكذلك المطاعم من حيث العروض الوهميه بحيث بتلاقي الحاجه سعرها أعلى من المطعم نفسه وكمان الجوده بتقل مع طلبات,negative,talbat,176,0.9867929220199585
تجقمر,positive,talbat,5,0.5305871963500977
خارا خرا خرا خرا خرا خرا خرا خرا خرا خرا خرا خرا خرا خرا خرا خرا خرا خرا خرا خرا خرا خرا خرا خرا خرا خرا خرا خرا خرا خرا خرا خرا خرا خرا خرا خرا خرا خرا خرا خرا خرا خرا خرا خرا خرا خرا خرا خرا خرا خرا خرا خرا خرا خرا خرا خرا خرا خرا خرا خرا خرا خرا خرا خرا خرا خرا خرا خرا خرا خرا خرا خرا خرا خرا خرا خرا خرا خرا خرا خرا خرا خرا خرا خرا خرا خرا خرا خرا خرا خرا خرا خرا خرا خرا خرا خرا خرا خرا خرا خرا خرا خرا خرا خرا خرا خرا خرا خرا خرا خرا خرا خرا خرا خرا خرا خرا خرا خرا خرا خرا خرا خرا خرا خرا خرا خرا خرا خرا خرا خرا خرا خرا خرا خرا خرا خرا خرا خرا خرا خرا خرا خرا خرا خرا خرا خرا خرا خرا خرا خرا خرا خرا خرا خرا خرا خرا خرا خرا خرا خرا خرا خرا خرا خرا خرا خرا خرا خرا خرا خرا خرا خرا خرا خرا خرا خرا خرا خرا خرا خرا خرا خرا خرا خرا خرا خرا خرا خرا خرا خرا خرا خرا خرا خرا خرا خرا خرا خرا خرا خرا خرا خرا خرا خرا خرا خرا خرا خرا خرا خرا خرا خرا خرا خرا خرا خرا خرا خرا خرا خرا خرا خرا خرا خرا خرا خرا خرا خرا خرا خرا خرا خرا خرا خرا خرا خرا خرا خرا خرا خرا خرا خرا خرا خرا خرا خرا خرا خرا خرا خرا خرا خرا خرا خرا خرا خرا خرا خرا,negative,talbat,1032,0.8548198342323303
نتمني تغطيه كل المناطق خاصه في القاهره مينفعش التغطيه قليله اوي عندكم,positive,talbat,69,0.6530120372772217
انللتتىرو,positive,swvl,9,0.7742404341697693
تطبيق بصراحه اسم ع الفاضي,negative,talbat,25,0.8864153027534485
تجربه موفقه ومزيد من التقدم,positive,swvl,27,0.960128903388977
Skalwowo,positive,talbat,8,0.9264311194419861
معاملة سيئة لكابتن طلبات,negative,talbat,24,0.9846518039703369
ياليت تخفضو تكاليف التوصيل والحد الادنى للطلب ترا قرفنا بصراحة,neutral,talbat,62,0.6414985656738281
لو تكرمت اذا انا حابب اشترك فى البرنامج كمندوب كيف الطريقه,neutral,talbat,58,0.6366729736328125
افضل تطبيق اكل في العالم,positive,talbat,24,0.9710482358932495
برنامج فاشل,negative,swvl,11,0.982353687286377
تطبيق جدا رائع االتوصيل بدقه وامانه ما شاء الله,positive,talbat,47,0.973336935043335
الابلكيشن في منتهي السخافة فعلا انا في منطقة حيوية بها مصانع ومدارس وبينها وبين البحر اقل من عشر دقايق منطقة ميامي الجديدة ومع ذلك خارج النطاق برغم اني بطلب من المطاعم مباشرة والاكل بيوصل يا تحلوا المشكلة يا نلغي الابلكيشن وننزل غيره .................. سخيف جدا جدا جدا مصمم تحديد الموقع علي جوجل برغم اني مسجلة عنواني وطلبت كتير علي العنوان لكن في كل مرة تصميم رهيب لفتح الموقع ولما افتح الموقع جميع المطاعم خارج النطاق برغم وجود مطاعم بجواري ايه السخافة دى,negative,talbat,458,0.9611988067626953
تطبيق طلبات السعودية والله فاشل فاشل فاشل وحرامي سحبوا فلوسي من البطاقة وألغى المطعم الطلب ولا رجعوا لي فلوسي حسبنا الله ونعم الوكيل,negative,talbat,132,0.9844754338264465
اختصر لي كثير من الوقت,positive,talbat,22,0.9268115162849426
اسوء تطبيق طلعولي مدة المتطلبة 30 دقيقة وما وصلني بعد دقيقة,negative,talbat,59,0.9839053750038147
محمداسماعيل,positive,talbat,11,0.6295356750488281
حلو اوي اوي وبس جدن,positive,talbat,19,0.9304339289665222
ما اعرف ليش في مناطق اختفى التوصيل من جد مره مو حلو,negative,talbat,51,0.893530547618866
سريع سهل ممتاز 👍👍,positive,talbat,17,0.9551675319671631
مبتوصلوش ل كل الاماكن,negative,talbat,21,0.9208674430847168
خدمه جيده وسريعه,positive,talbat,16,0.959966778755188
صعب,neutral,talbat,3,0.7768287062644958
خدمة عملاء زي الزفت . وسواقين اغبياء. احجز رحله وأفضل واقف ساعتين في الشارع والباص ميجيش careem bus برقبتكم يا متخلفين,negative,swvl,118,0.9850562214851379
راجعو انفسكم في ظلم كباتن طلبات الأردن واعيدو لهم حقهم فإنهم العمود الفقري للشركة,negative,talbat,81,0.9718984365463257
ماشاء سريعين في وتوصيل الطلب وحااار,positive,talbat,35,0.9718360304832458
مش راضي يتحمل معايا نهائي,negative,talbat,25,0.9417928457260132
اوس ؛خ ابلكيشن فى الكون كله 😒😒,negative,talbat,30,0.961205005645752
😃😃😃😀😀😀😀😀😁😁😁😁😉😉😉,positive,talbat,15,0.737261950969696
اللهم بارك سريع وسهل,positive,talbat,20,0.9386032819747925
"البرنامج جميل جدا وسهل و التعامل كويس جدا بس فى مشكله انا خط 6أكتوبر 
مبيروحش لطريق الواحات بس ياريت تعملو خط بيروح لطريق الواحات",positive,swvl,129,0.7342044711112976
جميد,positive,swvl,4,0.9546889066696167
ه٦هدخههمدهههه٦ه,positive,talbat,15,0.737261950969696
والله  السراحه تطبيق ممتاز أو تطلب المطعم  الي تبي أو في خيارات أو عروض اويجك بوقت المناسب,positive,talbat,90,0.9678695797920227
جميل مررره تطبيق سريع,negative,talbat,21,0.969816267490387
الخدمه سيئه فقد تلكأ في تحميل الطلبات في المصعد و إيصالها إلى باب الشقه ثم حاول الذهاب قبل جرد الطلبات من قبلي و هذا حق أصيل لي و يقول أنا لست لص مع أني لم أتهمه بذلك بل مارست حقي فقط في جرد ما اشتريته و لم يتصدق علي به أحد للأسف بدايه سيئه مع طلبات بسبب عدم توعية العمال من قبلكم عرض النص المقتبس,negative,talbat,297,0.9808760285377502
جدن,positive,talbat,3,0.7625475525856018
نغسي يوصل طلب بموعده 😡😡 دائما اقل تاخير ساعه ،جربنا برمضان وافطرنا بعد الاذان بساعه ونص وقلنا عذره ازمه جربنا عالعيد قلنا ازمه ، هلاء برضوا طلب اتاخر ساعه ونص ومافي ازمه ،،للاسف اهمال كبير,negative,talbat,188,0.863422155380249
ما طلع عندي اضافة قسيمة خصم,neutral,talbat,27,0.5488502383232117
انا في سته اكتوبر وشغلي في دقي ممكن اعرف زاي تعامل,neutral,swvl,50,0.4598442614078522
عملي جدا ورائع,positive,talbat,14,0.9705815315246582
رائع وممتاز,positive,talbat,11,0.9660354256629944
حملة اضراب ومقاطعة لتطبيق من كباتن و زبائن طلبات تبتدئ يوم الأحد لإنصاف كباتن الاردن والعدول عن قرار تخفيض التسعيرة الجديدة,negative,talbat,123,0.9759861826896667
مدينة عرعر ليش مي موجوده بها مطاعم مثل ماك وكنتاكي وهارديز الخ.. وما حطيتوها الرجاء منكم انكم تحطونها,negative,talbat,101,0.46064847707748413
الصراحه احسن برنامج وراءع جدا جدا,positive,talbat,33,0.968474805355072
مقبوله جدآ,positive,talbat,10,0.775279700756073
اول اسبوع كان التطبيق شغال حاليا مش شغال بلمرة,negative,swvl,46,0.9299394488334656
يوصل إلى كيلو 14  بجده,negative,talbat,22,0.640606164932251
البرنامج مش راضى يكمل تسطيب,neutral,elsewedy,27,0.8430715203285217
جدا رائع أنصح الناس يحملونه,positive,talbat,27,0.9699794054031372
سلح,negative,talbat,3,0.5520708560943604
جميل ان٢حكم بتحميله,positive,talbat,19,0.9577537775039673
جيد لكن احيانا يتأخر ويذوب الثلج الي ب البيبسي ويصير طعم البيبسي ماي ويبرد الاكل,positive,talbat,80,0.8431538939476013
انا في المدينة المنورة وطلبت وجاء,positive,talbat,33,0.6923421025276184
ولله إذا أنا تعبان أخذ منه ولله أبدع اللي سواه,positive,talbat,46,0.9664950966835022
لذيذه جدا جدا جدا,positive,talbat,17,0.9601621031761169
مره يهبل,positive,talbat,8,0.9482461214065552
جميييل جدا وسهل.,positive,talbat,16,0.9715486168861389
ممتازة الخدمة فيه رائعة جدااا,positive,talbat,29,0.9653407335281372
يسهل لك الاختيار ويصنف لك المطاعم بتصنيف عجيب يلبي احتياجات المستهلك ، يعرض صور للطعام ، برنامج متكامل والكمال لله,positive,talbat,114,0.9628915190696716
الشركه بتشغل سواقين بلطجيه لا تسطيع السيطره عليهم,negative,swvl,49,0.9628845453262329
مش عاوز يحدد الموقع بتاعي ويقولي خطأ,negative,talbat,36,0.8565431237220764
ممتازة وفي تقدم مستمر,positive,swvl,21,0.9657065272331238
جميل ومريح,positive,talbat,10,0.9470111727714539
تنبنوب,positive,talbat,6,0.8218569755554199
افضل تطبيق وأسرع تطبيق يصل بسرعة,positive,talbat,32,0.9724948406219482
اسمج برنامج الغلا الغلا,negative,talbat,23,0.45261529088020325
راااااااااااااائع,positive,talbat,17,0.9664283990859985
تطبيق جميل جدا وخدماتي ولا يسعى وراء الربح,positive,talbat,42,0.9751543402671814
مصنع حديد عز من افضل مصانع صناعة الحديد في مصر,positive,Ezz Steel,46,0.9051610231399536
مش عارف اتعامل مع البرنامج  بعمل اوردر وفي النهاية فكس,positive,swvl,54,0.8655682802200317
انا اخاف أطلب,positive,talbat,13,0.6637759804725647
البرنامج مو مثل قبل حذفته وحملت برنامج احسن وافضل منه وادق بالتوصيل وبكل شي,negative,talbat,75,0.5835350751876831
👍bla bla bla 🤪,positive,talbat,14,0.6489934921264648
وايد مفيد التطبيق يغنينه عن الاتصال ويسهل علينه اختيار المطعم والطلبات جزاكم الله خير,positive,talbat,85,0.9638633728027344
محمد فادي رفاعي,positive,talbat,15,0.5367203950881958
